-- MySQL dump 10.13  Distrib 5.5.29, for debian-linux-gnu (x86_64)
--
-- Host: localhost    Database: alfa_test
-- ------------------------------------------------------
-- Server version	5.5.29-0ubuntu0.12.10.1

/*!40101 SET @OLD_CHARACTER_SET_CLIENT=@@CHARACTER_SET_CLIENT */;
/*!40101 SET @OLD_CHARACTER_SET_RESULTS=@@CHARACTER_SET_RESULTS */;
/*!40101 SET @OLD_COLLATION_CONNECTION=@@COLLATION_CONNECTION */;
/*!40101 SET NAMES utf8 */;
/*!40103 SET @OLD_TIME_ZONE=@@TIME_ZONE */;
/*!40103 SET TIME_ZONE='+00:00' */;
/*!40014 SET @OLD_UNIQUE_CHECKS=@@UNIQUE_CHECKS, UNIQUE_CHECKS=0 */;
/*!40014 SET @OLD_FOREIGN_KEY_CHECKS=@@FOREIGN_KEY_CHECKS, FOREIGN_KEY_CHECKS=0 */;
/*!40101 SET @OLD_SQL_MODE=@@SQL_MODE, SQL_MODE='NO_AUTO_VALUE_ON_ZERO' */;
/*!40111 SET @OLD_SQL_NOTES=@@SQL_NOTES, SQL_NOTES=0 */;

--
-- Table structure for table `pamm`
--

DROP TABLE IF EXISTS `pamm`;
/*!40101 SET @saved_cs_client     = @@character_set_client */;
/*!40101 SET character_set_client = utf8 */;
CREATE TABLE `pamm` (
  `pamm_id` int(11) NOT NULL AUTO_INCREMENT,
  `account_id` int(11) NOT NULL,
  `name` varchar(64) NOT NULL,
  PRIMARY KEY (`pamm_id`),
  UNIQUE KEY `account_id` (`account_id`)
) ENGINE=InnoDB AUTO_INCREMENT=10 DEFAULT CHARSET=utf8;
/*!40101 SET character_set_client = @saved_cs_client */;

--
-- Dumping data for table `pamm`
--

LOCK TABLES `pamm` WRITE;
/*!40000 ALTER TABLE `pamm` DISABLE KEYS */;
INSERT INTO `pamm` VALUES (1,1337,'hexxy'),(2,1338,'anti'),(3,1339,'sven'),(4,1340,'veronika'),(5,1341,'alexzhuk'),(7,1342,'avas'),(8,1343,'valex'),(9,1344,'TP');
/*!40000 ALTER TABLE `pamm` ENABLE KEYS */;
UNLOCK TABLES;

--
-- Table structure for table `pamm_stat`
--

DROP TABLE IF EXISTS `pamm_stat`;
/*!40101 SET @saved_cs_client     = @@character_set_client */;
/*!40101 SET character_set_client = utf8 */;
CREATE TABLE `pamm_stat` (
  `pamm_stat_id` int(11) NOT NULL AUTO_INCREMENT,
  `pamm_id` int(11) NOT NULL,
  `date` date NOT NULL,
  `profit` float(6,2) DEFAULT '0.00',
  PRIMARY KEY (`pamm_stat_id`),
  KEY `ref_pamm` (`pamm_id`),
  CONSTRAINT `ref_pamm` FOREIGN KEY (`pamm_id`) REFERENCES `pamm` (`pamm_id`)
) ENGINE=InnoDB AUTO_INCREMENT=3628 DEFAULT CHARSET=utf8;
/*!40101 SET character_set_client = @saved_cs_client */;

--
-- Dumping data for table `pamm_stat`
--

LOCK TABLES `pamm_stat` WRITE;
/*!40000 ALTER TABLE `pamm_stat` DISABLE KEYS */;
INSERT INTO `pamm_stat` VALUES (435,3,'2011-01-02',-0.28),(436,3,'2011-01-03',0.58),(437,3,'2011-01-04',-0.79),(438,3,'2011-01-05',0.71),(439,3,'2011-01-06',0.27),(440,3,'2011-01-07',0.62),(441,3,'2011-01-08',0.78),(442,3,'2011-01-09',-0.63),(443,3,'2011-01-10',0.88),(444,3,'2011-01-11',-0.15),(445,3,'2011-01-12',0.35),(446,3,'2011-01-13',0.56),(447,3,'2011-01-14',-0.18),(448,3,'2011-01-15',0.98),(449,3,'2011-01-16',0.34),(450,3,'2011-01-17',0.61),(451,3,'2011-01-18',-0.18),(452,3,'2011-01-19',0.84),(453,3,'2011-01-20',0.23),(454,3,'2011-01-21',0.67),(455,3,'2011-01-22',0.83),(456,3,'2011-01-23',0.44),(457,3,'2011-01-24',-0.06),(458,3,'2011-01-25',-0.12),(459,3,'2011-01-26',0.80),(460,3,'2011-01-27',-0.74),(461,3,'2011-01-28',0.30),(462,3,'2011-01-29',0.89),(463,3,'2011-01-30',-0.17),(464,3,'2011-01-31',-0.93),(465,3,'2011-02-01',0.44),(466,3,'2011-02-02',0.55),(467,3,'2011-02-03',0.65),(468,3,'2011-02-04',0.66),(469,3,'2011-02-05',0.26),(470,3,'2011-02-06',-0.08),(471,3,'2011-02-07',0.28),(472,3,'2011-02-08',0.03),(473,3,'2011-02-09',0.30),(474,3,'2011-02-10',0.16),(475,3,'2011-02-11',0.89),(476,3,'2011-02-12',-0.36),(477,3,'2011-02-13',-0.29),(478,3,'2011-02-14',-0.30),(479,3,'2011-02-15',-0.38),(480,3,'2011-02-16',-0.96),(481,3,'2011-02-17',-0.69),(482,3,'2011-02-18',0.45),(483,3,'2011-02-19',0.89),(484,3,'2011-02-20',0.54),(485,3,'2011-02-21',0.11),(486,3,'2011-02-22',0.72),(487,3,'2011-02-23',-0.02),(488,3,'2011-02-24',-0.96),(489,3,'2011-02-25',-0.41),(490,3,'2011-02-26',-0.23),(491,3,'2011-02-27',-0.69),(492,3,'2011-02-28',0.90),(493,3,'2011-03-01',-0.34),(494,3,'2011-03-02',0.14),(495,3,'2011-03-03',0.97),(496,3,'2011-03-04',-0.91),(497,3,'2011-03-05',-0.31),(498,3,'2011-03-06',0.62),(499,3,'2011-03-07',0.76),(500,3,'2011-03-08',0.95),(501,3,'2011-03-09',-0.46),(502,3,'2011-03-10',0.03),(503,3,'2011-03-11',-0.02),(504,3,'2011-03-12',0.84),(505,3,'2011-03-13',-0.82),(506,3,'2011-03-14',-0.13),(507,3,'2011-03-15',-0.53),(508,3,'2011-03-16',-0.10),(509,3,'2011-03-17',0.57),(510,3,'2011-03-18',0.10),(511,3,'2011-03-19',-0.06),(512,3,'2011-03-20',0.88),(513,3,'2011-03-21',-0.45),(514,3,'2011-03-22',-0.17),(515,3,'2011-03-23',0.42),(516,3,'2011-03-24',0.66),(517,3,'2011-03-25',-0.46),(518,3,'2011-03-26',-0.61),(519,3,'2011-03-27',0.71),(520,3,'2011-03-28',0.14),(521,3,'2011-03-29',0.17),(522,3,'2011-03-30',-0.99),(523,3,'2011-03-31',0.04),(524,3,'2011-04-01',0.83),(525,3,'2011-04-02',0.16),(526,3,'2011-04-03',0.00),(527,3,'2011-04-04',0.93),(528,3,'2011-04-05',0.85),(529,3,'2011-04-06',-0.38),(530,3,'2011-04-07',0.68),(531,3,'2011-04-08',0.80),(532,3,'2011-04-09',0.16),(533,3,'2011-04-10',-0.29),(534,3,'2011-04-11',-0.22),(535,3,'2011-04-12',-0.01),(536,3,'2011-04-13',-0.10),(537,3,'2011-04-14',0.65),(538,3,'2011-04-15',0.47),(539,3,'2011-04-16',0.80),(540,3,'2011-04-17',0.22),(541,3,'2011-04-18',-0.43),(542,3,'2011-04-19',-0.26),(543,3,'2011-04-20',0.10),(544,3,'2011-04-21',0.12),(545,3,'2011-04-22',0.57),(546,3,'2011-04-23',-0.49),(547,3,'2011-04-24',-0.22),(548,3,'2011-04-25',-0.89),(549,3,'2011-04-26',-0.09),(550,3,'2011-04-27',-0.52),(551,3,'2011-04-28',0.25),(552,3,'2011-04-29',-0.93),(553,3,'2011-04-30',-0.51),(554,3,'2011-05-01',-0.72),(555,3,'2011-05-02',0.91),(556,3,'2011-05-03',0.66),(557,3,'2011-05-04',0.29),(558,3,'2011-05-05',0.84),(559,3,'2011-05-06',0.50),(560,3,'2011-05-07',0.92),(561,3,'2011-05-08',0.51),(562,3,'2011-05-09',0.30),(563,3,'2011-05-10',0.07),(564,3,'2011-05-11',-0.78),(565,3,'2011-05-12',-0.92),(566,3,'2011-05-13',-0.94),(567,3,'2011-05-14',0.12),(568,3,'2011-05-15',0.73),(569,3,'2011-05-16',0.54),(570,3,'2011-05-17',-0.08),(571,3,'2011-05-18',-0.05),(572,3,'2011-05-19',-0.90),(573,3,'2011-05-20',0.66),(574,3,'2011-05-21',-0.96),(575,3,'2011-05-22',0.23),(576,3,'2011-05-23',0.22),(577,3,'2011-05-24',-0.44),(578,3,'2011-05-25',-1.00),(579,3,'2011-05-26',0.33),(580,3,'2011-05-27',0.47),(581,3,'2011-05-28',-0.52),(582,3,'2011-05-29',-0.42),(583,3,'2011-05-30',0.55),(584,3,'2011-05-31',-0.02),(585,3,'2011-06-01',-0.13),(586,3,'2011-06-02',0.46),(587,3,'2011-06-03',-0.37),(588,3,'2011-06-04',-0.85),(589,3,'2011-06-05',0.29),(590,3,'2011-06-06',-0.87),(591,3,'2011-06-07',-0.93),(592,3,'2011-06-08',-0.20),(593,3,'2011-06-09',0.43),(594,3,'2011-06-10',0.14),(595,3,'2011-06-11',0.02),(596,3,'2011-06-12',0.52),(597,3,'2011-06-13',0.21),(598,3,'2011-06-14',-0.86),(599,3,'2011-06-15',0.25),(600,3,'2011-06-16',-0.26),(601,3,'2011-06-17',0.06),(602,3,'2011-06-18',-0.81),(603,3,'2011-06-19',-0.15),(604,3,'2011-06-20',-0.29),(605,3,'2011-06-21',-0.76),(606,3,'2011-06-22',-0.92),(607,3,'2011-06-23',0.94),(608,3,'2011-06-24',-0.20),(609,3,'2011-06-25',-0.92),(610,3,'2011-06-26',0.27),(611,3,'2011-06-27',-0.73),(612,3,'2011-06-28',-0.43),(613,3,'2011-06-29',0.86),(614,3,'2011-06-30',0.82),(615,3,'2011-07-01',0.56),(616,3,'2011-07-02',-0.28),(617,3,'2011-07-03',0.27),(618,3,'2011-07-04',-0.82),(619,3,'2011-07-05',-0.12),(620,3,'2011-07-06',-0.45),(621,3,'2011-07-07',-0.69),(622,3,'2011-07-08',-0.05),(623,3,'2011-07-09',0.35),(624,3,'2011-07-10',0.75),(625,3,'2011-07-11',-0.91),(626,3,'2011-07-12',-0.63),(627,3,'2011-07-13',0.26),(628,3,'2011-07-14',0.31),(629,3,'2011-07-15',-0.49),(630,3,'2011-07-16',-0.50),(631,3,'2011-07-17',-0.95),(632,3,'2011-07-18',0.57),(633,3,'2011-07-19',-0.30),(634,3,'2011-07-20',-0.09),(635,3,'2011-07-21',-0.72),(636,3,'2011-07-22',-0.06),(637,3,'2011-07-23',-0.01),(638,3,'2011-07-24',-0.78),(639,3,'2011-07-25',0.75),(640,3,'2011-07-26',0.08),(641,3,'2011-07-27',0.50),(642,3,'2011-07-28',-0.99),(643,3,'2011-07-29',0.65),(644,3,'2011-07-30',0.35),(645,3,'2011-07-31',0.83),(646,3,'2011-08-01',0.20),(647,3,'2011-08-02',-0.93),(648,3,'2011-08-03',0.10),(649,3,'2011-08-04',0.39),(650,3,'2011-08-05',-0.04),(651,3,'2011-08-06',0.66),(652,3,'2011-08-07',0.71),(653,3,'2011-08-08',0.92),(654,3,'2011-08-09',0.00),(655,3,'2011-08-10',0.46),(656,3,'2011-08-11',-0.99),(657,3,'2011-08-12',0.38),(658,3,'2011-08-13',-0.29),(659,3,'2011-08-14',0.32),(660,3,'2011-08-15',0.89),(661,3,'2011-08-16',0.22),(662,3,'2011-08-17',0.38),(663,3,'2011-08-18',0.46),(664,3,'2011-08-19',0.93),(665,3,'2011-08-20',-0.72),(666,3,'2011-08-21',0.75),(667,3,'2011-08-22',-0.13),(668,3,'2011-08-23',0.28),(669,3,'2011-08-24',0.97),(670,3,'2011-08-25',-0.39),(671,3,'2011-08-26',-0.65),(672,3,'2011-08-27',0.47),(673,3,'2011-08-28',-0.38),(674,3,'2011-08-29',-1.00),(675,3,'2011-08-30',-0.18),(676,3,'2011-08-31',-0.55),(677,3,'2011-09-01',0.21),(678,3,'2011-09-02',-0.11),(679,3,'2011-09-03',0.55),(680,3,'2011-09-04',-0.41),(681,3,'2011-09-05',0.86),(682,3,'2011-09-06',0.20),(683,3,'2011-09-07',-0.71),(684,3,'2011-09-08',0.77),(685,3,'2011-09-09',-0.80),(686,3,'2011-09-10',0.76),(687,3,'2011-09-11',0.79),(688,3,'2011-09-12',0.58),(689,3,'2011-09-13',-0.53),(690,3,'2011-09-14',0.11),(691,3,'2011-09-15',0.47),(692,3,'2011-09-16',0.69),(693,3,'2011-09-17',-0.52),(694,3,'2011-09-18',-0.08),(695,3,'2011-09-19',0.62),(696,3,'2011-09-20',-0.23),(697,3,'2011-09-21',-0.34),(698,3,'2011-09-22',-0.52),(699,3,'2011-09-23',-0.96),(700,3,'2011-09-24',-0.37),(701,3,'2011-09-25',0.09),(702,3,'2011-09-26',-0.61),(703,3,'2011-09-27',-0.91),(704,3,'2011-09-28',0.72),(705,3,'2011-09-29',-0.61),(706,3,'2011-09-30',-0.09),(707,3,'2011-10-01',-0.84),(708,3,'2011-10-02',0.60),(709,3,'2011-10-03',0.81),(710,3,'2011-10-04',0.72),(711,3,'2011-10-05',-0.81),(712,3,'2011-10-06',0.66),(713,3,'2011-10-07',-0.09),(714,3,'2011-10-08',-0.51),(715,3,'2011-10-09',0.43),(716,3,'2011-10-10',0.12),(717,3,'2011-10-11',-0.76),(718,3,'2011-10-12',0.21),(719,3,'2011-10-13',-0.31),(720,3,'2011-10-14',-0.29),(721,3,'2011-10-15',-0.69),(722,3,'2011-10-16',-0.85),(723,3,'2011-10-17',-0.60),(724,3,'2011-10-18',-0.21),(725,3,'2011-10-19',0.08),(726,3,'2011-10-20',-0.99),(727,3,'2011-10-21',0.56),(728,3,'2011-10-22',0.74),(729,3,'2011-10-23',-0.51),(730,3,'2011-10-24',0.60),(731,3,'2011-10-25',-0.63),(732,3,'2011-10-26',0.59),(733,3,'2011-10-27',1.00),(734,3,'2011-10-28',-0.54),(735,3,'2011-10-29',0.30),(736,3,'2011-10-30',-0.62),(737,3,'2011-10-31',0.38),(738,3,'2011-11-01',0.47),(739,3,'2011-11-02',0.99),(740,3,'2011-11-03',0.18),(741,3,'2011-11-04',0.18),(742,3,'2011-11-05',-0.83),(743,3,'2011-11-06',-0.16),(744,3,'2011-11-07',-0.91),(745,3,'2011-11-08',-0.34),(746,3,'2011-11-09',-0.74),(747,3,'2011-11-10',0.21),(748,3,'2011-11-11',-0.09),(749,3,'2011-11-12',0.48),(750,3,'2011-11-13',0.91),(751,3,'2011-11-14',0.62),(752,3,'2011-11-15',0.79),(753,3,'2011-11-16',-0.94),(754,3,'2011-11-17',-0.99),(755,3,'2011-11-18',-0.42),(756,3,'2011-11-19',0.14),(757,3,'2011-11-20',-0.98),(758,3,'2011-11-21',-0.86),(759,3,'2011-11-22',-0.12),(760,3,'2011-11-23',-0.48),(761,3,'2011-11-24',0.75),(762,3,'2011-11-25',0.25),(763,3,'2011-11-26',-0.89),(764,3,'2011-11-27',0.74),(765,3,'2011-11-28',0.72),(766,3,'2011-11-29',0.42),(767,3,'2011-11-30',-0.88),(768,3,'2011-12-01',0.09),(769,3,'2011-12-02',-0.12),(770,3,'2011-12-03',-0.89),(771,3,'2011-12-04',-0.73),(772,3,'2011-12-05',-0.94),(773,3,'2011-12-06',-0.72),(774,3,'2011-12-07',0.11),(775,3,'2011-12-08',-0.84),(776,3,'2011-12-09',-0.05),(777,3,'2011-12-10',0.38),(778,3,'2011-12-11',0.37),(779,3,'2011-12-12',0.86),(780,3,'2011-12-13',-0.15),(781,3,'2011-12-14',0.28),(782,3,'2011-12-15',0.48),(783,3,'2011-12-16',-0.36),(784,3,'2011-12-17',0.34),(785,3,'2011-12-18',0.49),(786,3,'2011-12-19',0.22),(787,3,'2011-12-20',-0.53),(788,3,'2011-12-21',0.52),(789,3,'2011-12-22',0.36),(790,3,'2011-12-23',0.36),(791,3,'2011-12-24',-0.96),(792,3,'2011-12-25',0.11),(793,3,'2011-12-26',-0.40),(794,3,'2011-12-27',-0.85),(795,3,'2011-12-28',-0.16),(796,3,'2011-12-29',-0.69),(797,3,'2011-12-30',0.58),(798,3,'2011-12-31',-0.03),(799,3,'2012-01-01',0.40),(800,3,'2012-01-02',-0.55),(801,3,'2012-01-03',0.08),(802,3,'2012-01-04',0.68),(803,3,'2012-01-05',-0.48),(804,3,'2012-01-06',0.37),(805,3,'2012-01-07',-0.21),(806,3,'2012-01-08',-0.32),(807,3,'2012-01-09',-0.69),(808,3,'2012-01-10',-0.84),(809,3,'2012-01-11',-0.95),(810,3,'2012-01-12',-0.83),(811,3,'2012-01-13',0.02),(812,3,'2012-01-14',0.33),(813,3,'2012-01-15',0.66),(814,3,'2012-01-16',0.66),(815,3,'2012-01-17',-0.33),(816,3,'2012-01-18',0.14),(817,3,'2012-01-19',-0.12),(818,3,'2012-01-20',0.15),(819,3,'2012-01-21',-0.34),(820,3,'2012-01-22',-0.76),(821,3,'2012-01-23',-0.50),(822,3,'2012-01-24',-0.30),(823,3,'2012-01-25',0.35),(824,3,'2012-01-26',0.10),(825,3,'2012-01-27',-0.14),(826,3,'2012-01-28',-0.81),(827,3,'2012-01-29',0.42),(828,3,'2012-01-30',-0.57),(829,3,'2012-01-31',0.16),(830,3,'2012-02-01',-0.18),(831,3,'2012-02-02',-0.11),(832,3,'2012-02-03',-0.77),(833,3,'2012-02-04',-0.51),(834,4,'2011-01-02',-0.06),(835,4,'2011-01-03',0.40),(836,4,'2011-01-04',-0.35),(837,4,'2011-01-05',-0.60),(838,4,'2011-01-06',-0.59),(839,4,'2011-01-07',-0.99),(840,4,'2011-01-08',-0.73),(841,4,'2011-01-09',0.89),(842,4,'2011-01-10',-0.63),(843,4,'2011-01-11',-0.61),(844,4,'2011-01-12',-0.22),(845,4,'2011-01-13',-0.69),(846,4,'2011-01-14',0.61),(847,4,'2011-01-15',0.21),(848,4,'2011-01-16',0.55),(849,4,'2011-01-17',-0.75),(850,4,'2011-01-18',-0.03),(851,4,'2011-01-19',-0.55),(852,4,'2011-01-20',0.16),(853,4,'2011-01-21',0.71),(854,4,'2011-01-22',0.89),(855,4,'2011-01-23',-0.18),(856,4,'2011-01-24',0.62),(857,4,'2011-01-25',0.40),(858,4,'2011-01-26',-0.40),(859,4,'2011-01-27',1.00),(860,4,'2011-01-28',0.59),(861,4,'2011-01-29',0.22),(862,4,'2011-01-30',0.37),(863,4,'2011-01-31',-0.71),(864,4,'2011-02-01',-0.15),(865,4,'2011-02-02',-0.69),(866,4,'2011-02-03',0.69),(867,4,'2011-02-04',0.50),(868,4,'2011-02-05',-0.29),(869,4,'2011-02-06',-0.90),(870,4,'2011-02-07',0.52),(871,4,'2011-02-08',-0.02),(872,4,'2011-02-09',0.99),(873,4,'2011-02-10',0.89),(874,4,'2011-02-11',0.37),(875,4,'2011-02-12',-0.24),(876,4,'2011-02-13',-0.81),(877,4,'2011-02-14',-0.02),(878,4,'2011-02-15',0.98),(879,4,'2011-02-16',0.75),(880,4,'2011-02-17',0.23),(881,4,'2011-02-18',-0.06),(882,4,'2011-02-19',-0.81),(883,4,'2011-02-20',-0.61),(884,4,'2011-02-21',-0.36),(885,4,'2011-02-22',-0.93),(886,4,'2011-02-23',0.22),(887,4,'2011-02-24',-0.74),(888,4,'2011-02-25',0.47),(889,4,'2011-02-26',0.82),(890,4,'2011-02-27',-0.74),(891,4,'2011-02-28',0.06),(892,4,'2011-03-01',0.04),(893,4,'2011-03-02',0.64),(894,4,'2011-03-03',0.35),(895,4,'2011-03-04',0.89),(896,4,'2011-03-05',0.95),(897,4,'2011-03-06',0.04),(898,4,'2011-03-07',0.39),(899,4,'2011-03-08',-0.35),(900,4,'2011-03-09',0.14),(901,4,'2011-03-10',-0.10),(902,4,'2011-03-11',0.64),(903,4,'2011-03-12',0.13),(904,4,'2011-03-13',-0.22),(905,4,'2011-03-14',0.01),(906,4,'2011-03-15',0.89),(907,4,'2011-03-16',-0.03),(908,4,'2011-03-17',1.00),(909,4,'2011-03-18',0.87),(910,4,'2011-03-19',-0.29),(911,4,'2011-03-20',0.23),(912,4,'2011-03-21',-0.20),(913,4,'2011-03-22',-0.10),(914,4,'2011-03-23',0.62),(915,4,'2011-03-24',0.45),(916,4,'2011-03-25',-0.02),(917,4,'2011-03-26',-0.16),(918,4,'2011-03-27',0.71),(919,4,'2011-03-28',-0.55),(920,4,'2011-03-29',-0.34),(921,4,'2011-03-30',0.98),(922,4,'2011-03-31',0.51),(923,4,'2011-04-01',0.70),(924,4,'2011-04-02',0.61),(925,4,'2011-04-03',-0.14),(926,4,'2011-04-04',0.58),(927,4,'2011-04-05',0.55),(928,4,'2011-04-06',0.91),(929,4,'2011-04-07',-0.03),(930,4,'2011-04-08',-0.80),(931,4,'2011-04-09',0.05),(932,4,'2011-04-10',0.87),(933,4,'2011-04-11',0.84),(934,4,'2011-04-12',-0.83),(935,4,'2011-04-13',-0.35),(936,4,'2011-04-14',-0.15),(937,4,'2011-04-15',-0.95),(938,4,'2011-04-16',0.63),(939,4,'2011-04-17',-0.16),(940,4,'2011-04-18',0.92),(941,4,'2011-04-19',-0.66),(942,4,'2011-04-20',-0.94),(943,4,'2011-04-21',-0.28),(944,4,'2011-04-22',0.24),(945,4,'2011-04-23',0.69),(946,4,'2011-04-24',-0.83),(947,4,'2011-04-25',-0.78),(948,4,'2011-04-26',-0.47),(949,4,'2011-04-27',0.88),(950,4,'2011-04-28',-0.33),(951,4,'2011-04-29',0.19),(952,4,'2011-04-30',0.86),(953,4,'2011-05-01',-0.82),(954,4,'2011-05-02',-0.12),(955,4,'2011-05-03',0.46),(956,4,'2011-05-04',0.05),(957,4,'2011-05-05',-0.54),(958,4,'2011-05-06',0.00),(959,4,'2011-05-07',-0.05),(960,4,'2011-05-08',0.43),(961,4,'2011-05-09',0.21),(962,4,'2011-05-10',1.00),(963,4,'2011-05-11',0.30),(964,4,'2011-05-12',0.05),(965,4,'2011-05-13',-0.83),(966,4,'2011-05-14',0.95),(967,4,'2011-05-15',0.90),(968,4,'2011-05-16',-0.78),(969,4,'2011-05-17',0.57),(970,4,'2011-05-18',-0.26),(971,4,'2011-05-19',-0.86),(972,4,'2011-05-20',0.91),(973,4,'2011-05-21',-0.20),(974,4,'2011-05-22',-0.13),(975,4,'2011-05-23',0.15),(976,4,'2011-05-24',-0.51),(977,4,'2011-05-25',0.04),(978,4,'2011-05-26',0.38),(979,4,'2011-05-27',0.02),(980,4,'2011-05-28',-0.08),(981,4,'2011-05-29',-0.95),(982,4,'2011-05-30',-0.79),(983,4,'2011-05-31',-0.23),(984,4,'2011-06-01',-0.77),(985,4,'2011-06-02',0.10),(986,4,'2011-06-03',-0.78),(987,4,'2011-06-04',0.29),(988,4,'2011-06-05',0.56),(989,4,'2011-06-06',0.23),(990,4,'2011-06-07',-0.76),(991,4,'2011-06-08',-0.01),(992,4,'2011-06-09',-0.57),(993,4,'2011-06-10',-0.77),(994,4,'2011-06-11',-0.72),(995,4,'2011-06-12',0.48),(996,4,'2011-06-13',-0.60),(997,4,'2011-06-14',-0.77),(998,4,'2011-06-15',0.38),(999,4,'2011-06-16',-0.37),(1000,4,'2011-06-17',0.80),(1001,4,'2011-06-18',-0.89),(1002,4,'2011-06-19',-0.22),(1003,4,'2011-06-20',0.71),(1004,4,'2011-06-21',-0.09),(1005,4,'2011-06-22',0.66),(1006,4,'2011-06-23',-0.14),(1007,4,'2011-06-24',0.41),(1008,4,'2011-06-25',-0.31),(1009,4,'2011-06-26',-0.77),(1010,4,'2011-06-27',-0.57),(1011,4,'2011-06-28',0.61),(1012,4,'2011-06-29',-0.72),(1013,4,'2011-06-30',-0.36),(1014,4,'2011-07-01',-0.62),(1015,4,'2011-07-02',-0.48),(1016,4,'2011-07-03',0.74),(1017,4,'2011-07-04',-0.39),(1018,4,'2011-07-05',0.82),(1019,4,'2011-07-06',0.30),(1020,4,'2011-07-07',0.84),(1021,4,'2011-07-08',-0.95),(1022,4,'2011-07-09',-0.72),(1023,4,'2011-07-10',-0.73),(1024,4,'2011-07-11',-0.71),(1025,4,'2011-07-12',-0.44),(1026,4,'2011-07-13',0.76),(1027,4,'2011-07-14',-0.30),(1028,4,'2011-07-15',-0.21),(1029,4,'2011-07-16',0.13),(1030,4,'2011-07-17',0.33),(1031,4,'2011-07-18',-0.41),(1032,4,'2011-07-19',0.24),(1033,4,'2011-07-20',-0.89),(1034,4,'2011-07-21',-0.70),(1035,4,'2011-07-22',-0.85),(1036,4,'2011-07-23',0.77),(1037,4,'2011-07-24',0.17),(1038,4,'2011-07-25',0.56),(1039,4,'2011-07-26',-0.54),(1040,4,'2011-07-27',0.41),(1041,4,'2011-07-28',0.99),(1042,4,'2011-07-29',-0.93),(1043,4,'2011-07-30',0.70),(1044,4,'2011-07-31',-0.37),(1045,4,'2011-08-01',-0.55),(1046,4,'2011-08-02',-0.79),(1047,4,'2011-08-03',-0.64),(1048,4,'2011-08-04',0.06),(1049,4,'2011-08-05',-0.97),(1050,4,'2011-08-06',0.67),(1051,4,'2011-08-07',-0.10),(1052,4,'2011-08-08',-0.92),(1053,4,'2011-08-09',0.95),(1054,4,'2011-08-10',0.18),(1055,4,'2011-08-11',-0.63),(1056,4,'2011-08-12',-0.49),(1057,4,'2011-08-13',-0.07),(1058,4,'2011-08-14',0.07),(1059,4,'2011-08-15',0.31),(1060,4,'2011-08-16',-0.95),(1061,4,'2011-08-17',-0.60),(1062,4,'2011-08-18',0.91),(1063,4,'2011-08-19',0.29),(1064,4,'2011-08-20',-0.49),(1065,4,'2011-08-21',-0.80),(1066,4,'2011-08-22',0.44),(1067,4,'2011-08-23',-0.72),(1068,4,'2011-08-24',0.38),(1069,4,'2011-08-25',0.00),(1070,4,'2011-08-26',-0.26),(1071,4,'2011-08-27',-0.22),(1072,4,'2011-08-28',-0.01),(1073,4,'2011-08-29',-0.19),(1074,4,'2011-08-30',-0.53),(1075,4,'2011-08-31',0.62),(1076,4,'2011-09-01',0.27),(1077,4,'2011-09-02',-0.31),(1078,4,'2011-09-03',0.99),(1079,4,'2011-09-04',-0.68),(1080,4,'2011-09-05',-0.28),(1081,4,'2011-09-06',0.65),(1082,4,'2011-09-07',0.23),(1083,4,'2011-09-08',-0.20),(1084,4,'2011-09-09',0.59),(1085,4,'2011-09-10',-0.60),(1086,4,'2011-09-11',0.18),(1087,4,'2011-09-12',-0.91),(1088,4,'2011-09-13',0.33),(1089,4,'2011-09-14',-0.76),(1090,4,'2011-09-15',0.40),(1091,4,'2011-09-16',0.39),(1092,4,'2011-09-17',-0.35),(1093,4,'2011-09-18',0.30),(1094,4,'2011-09-19',-0.32),(1095,4,'2011-09-20',0.17),(1096,4,'2011-09-21',0.51),(1097,4,'2011-09-22',-0.88),(1098,4,'2011-09-23',0.45),(1099,4,'2011-09-24',-0.12),(1100,4,'2011-09-25',0.12),(1101,4,'2011-09-26',-0.81),(1102,4,'2011-09-27',0.67),(1103,4,'2011-09-28',-0.90),(1104,4,'2011-09-29',0.00),(1105,4,'2011-09-30',-0.87),(1106,4,'2011-10-01',0.73),(1107,4,'2011-10-02',-0.74),(1108,4,'2011-10-03',-0.17),(1109,4,'2011-10-04',0.71),(1110,4,'2011-10-05',-0.41),(1111,4,'2011-10-06',0.55),(1112,4,'2011-10-07',0.36),(1113,4,'2011-10-08',0.83),(1114,4,'2011-10-09',-0.65),(1115,4,'2011-10-10',-0.05),(1116,4,'2011-10-11',-0.77),(1117,4,'2011-10-12',0.53),(1118,4,'2011-10-13',0.05),(1119,4,'2011-10-14',0.57),(1120,4,'2011-10-15',0.78),(1121,4,'2011-10-16',-0.55),(1122,4,'2011-10-17',-0.05),(1123,4,'2011-10-18',-0.58),(1124,4,'2011-10-19',0.75),(1125,4,'2011-10-20',0.63),(1126,4,'2011-10-21',0.59),(1127,4,'2011-10-22',0.26),(1128,4,'2011-10-23',0.75),(1129,4,'2011-10-24',0.04),(1130,4,'2011-10-25',-0.86),(1131,4,'2011-10-26',-0.13),(1132,4,'2011-10-27',0.23),(1133,4,'2011-10-28',0.81),(1134,4,'2011-10-29',-0.02),(1135,4,'2011-10-30',-0.77),(1136,4,'2011-10-31',0.95),(1137,4,'2011-11-01',-0.30),(1138,4,'2011-11-02',-0.50),(1139,4,'2011-11-03',-0.23),(1140,4,'2011-11-04',-0.59),(1141,4,'2011-11-05',0.10),(1142,4,'2011-11-06',-0.68),(1143,4,'2011-11-07',0.78),(1144,4,'2011-11-08',-0.08),(1145,4,'2011-11-09',-0.33),(1146,4,'2011-11-10',-0.28),(1147,4,'2011-11-11',0.15),(1148,4,'2011-11-12',-0.80),(1149,4,'2011-11-13',0.77),(1150,4,'2011-11-14',-0.29),(1151,4,'2011-11-15',0.99),(1152,4,'2011-11-16',-0.79),(1153,4,'2011-11-17',0.67),(1154,4,'2011-11-18',-0.60),(1155,4,'2011-11-19',0.97),(1156,4,'2011-11-20',0.29),(1157,4,'2011-11-21',1.00),(1158,4,'2011-11-22',0.23),(1159,4,'2011-11-23',0.04),(1160,4,'2011-11-24',0.04),(1161,4,'2011-11-25',0.37),(1162,4,'2011-11-26',0.91),(1163,4,'2011-11-27',-0.74),(1164,4,'2011-11-28',0.18),(1165,4,'2011-11-29',-0.12),(1166,4,'2011-11-30',-0.50),(1167,4,'2011-12-01',0.12),(1168,4,'2011-12-02',0.59),(1169,4,'2011-12-03',0.00),(1170,4,'2011-12-04',0.90),(1171,4,'2011-12-05',1.00),(1172,4,'2011-12-06',-0.90),(1173,4,'2011-12-07',-0.79),(1174,4,'2011-12-08',0.77),(1175,4,'2011-12-09',0.02),(1176,4,'2011-12-10',-0.11),(1177,4,'2011-12-11',-0.51),(1178,4,'2011-12-12',-0.83),(1179,4,'2011-12-13',0.10),(1180,4,'2011-12-14',-0.75),(1181,4,'2011-12-15',-0.11),(1182,4,'2011-12-16',0.08),(1183,4,'2011-12-17',-0.53),(1184,4,'2011-12-18',-0.45),(1185,4,'2011-12-19',0.48),(1186,4,'2011-12-20',-0.56),(1187,4,'2011-12-21',0.85),(1188,4,'2011-12-22',0.48),(1189,4,'2011-12-23',0.67),(1190,4,'2011-12-24',-0.12),(1191,4,'2011-12-25',-0.49),(1192,4,'2011-12-26',0.04),(1193,4,'2011-12-27',-0.21),(1194,4,'2011-12-28',-0.22),(1195,4,'2011-12-29',-0.79),(1196,4,'2011-12-30',0.68),(1197,4,'2011-12-31',0.29),(1198,4,'2012-01-01',0.34),(1199,4,'2012-01-02',0.26),(1200,4,'2012-01-03',-0.72),(1201,4,'2012-01-04',0.24),(1202,4,'2012-01-05',0.26),(1203,4,'2012-01-06',-0.62),(1204,4,'2012-01-07',0.45),(1205,4,'2012-01-08',0.03),(1206,4,'2012-01-09',0.41),(1207,4,'2012-01-10',-0.66),(1208,4,'2012-01-11',0.52),(1209,4,'2012-01-12',0.59),(1210,4,'2012-01-13',0.44),(1211,4,'2012-01-14',0.78),(1212,4,'2012-01-15',-0.53),(1213,4,'2012-01-16',-0.49),(1214,4,'2012-01-17',-0.75),(1215,4,'2012-01-18',0.03),(1216,4,'2012-01-19',1.00),(1217,4,'2012-01-20',-0.31),(1218,4,'2012-01-21',-0.13),(1219,4,'2012-01-22',0.48),(1220,4,'2012-01-23',-0.65),(1221,4,'2012-01-24',0.76),(1222,4,'2012-01-25',1.00),(1223,4,'2012-01-26',0.39),(1224,4,'2012-01-27',-0.46),(1225,4,'2012-01-28',-0.23),(1226,4,'2012-01-29',0.61),(1227,4,'2012-01-30',-0.78),(1228,4,'2012-01-31',-0.95),(1229,4,'2012-02-01',-0.05),(1230,4,'2012-02-02',0.48),(1231,4,'2012-02-03',-0.66),(1232,4,'2012-02-04',-0.82),(1233,5,'2011-01-02',0.44),(1234,5,'2011-01-03',0.44),(1235,5,'2011-01-04',1.00),(1236,5,'2011-01-05',-0.56),(1237,5,'2011-01-06',-0.78),(1238,5,'2011-01-07',0.54),(1239,5,'2011-01-08',0.29),(1240,5,'2011-01-09',-0.05),(1241,5,'2011-01-10',-0.32),(1242,5,'2011-01-11',-0.80),(1243,5,'2011-01-12',-0.78),(1244,5,'2011-01-13',0.80),(1245,5,'2011-01-14',0.81),(1246,5,'2011-01-15',-0.51),(1247,5,'2011-01-16',0.96),(1248,5,'2011-01-17',-0.79),(1249,5,'2011-01-18',0.92),(1250,5,'2011-01-19',0.72),(1251,5,'2011-01-20',-0.44),(1252,5,'2011-01-21',-0.56),(1253,5,'2011-01-22',0.58),(1254,5,'2011-01-23',0.28),(1255,5,'2011-01-24',0.17),(1256,5,'2011-01-25',0.36),(1257,5,'2011-01-26',-0.18),(1258,5,'2011-01-27',-0.25),(1259,5,'2011-01-28',-0.34),(1260,5,'2011-01-29',-0.28),(1261,5,'2011-01-30',0.80),(1262,5,'2011-01-31',0.48),(1263,5,'2011-02-01',0.69),(1264,5,'2011-02-02',0.23),(1265,5,'2011-02-03',-0.09),(1266,5,'2011-02-04',0.69),(1267,5,'2011-02-05',0.67),(1268,5,'2011-02-06',0.14),(1269,5,'2011-02-07',0.22),(1270,5,'2011-02-08',-0.04),(1271,5,'2011-02-09',-0.92),(1272,5,'2011-02-10',0.91),(1273,5,'2011-02-11',0.17),(1274,5,'2011-02-12',-0.70),(1275,5,'2011-02-13',0.70),(1276,5,'2011-02-14',-0.03),(1277,5,'2011-02-15',-0.20),(1278,5,'2011-02-16',0.66),(1279,5,'2011-02-17',0.19),(1280,5,'2011-02-18',-0.28),(1281,5,'2011-02-19',0.38),(1282,5,'2011-02-20',0.75),(1283,5,'2011-02-21',0.16),(1284,5,'2011-02-22',-0.05),(1285,5,'2011-02-23',0.03),(1286,5,'2011-02-24',-0.68),(1287,5,'2011-02-25',-0.69),(1288,5,'2011-02-26',0.85),(1289,5,'2011-02-27',0.08),(1290,5,'2011-02-28',-0.03),(1291,5,'2011-03-01',-0.43),(1292,5,'2011-03-02',-0.13),(1293,5,'2011-03-03',-0.55),(1294,5,'2011-03-04',-0.74),(1295,5,'2011-03-05',-0.90),(1296,5,'2011-03-06',0.36),(1297,5,'2011-03-07',0.95),(1298,5,'2011-03-08',0.78),(1299,5,'2011-03-09',-0.51),(1300,5,'2011-03-10',0.17),(1301,5,'2011-03-11',-0.27),(1302,5,'2011-03-12',-0.42),(1303,5,'2011-03-13',0.08),(1304,5,'2011-03-14',0.91),(1305,5,'2011-03-15',-0.11),(1306,5,'2011-03-16',-0.22),(1307,5,'2011-03-17',-0.13),(1308,5,'2011-03-18',0.69),(1309,5,'2011-03-19',-0.57),(1310,5,'2011-03-20',-0.95),(1311,5,'2011-03-21',-0.60),(1312,5,'2011-03-22',0.82),(1313,5,'2011-03-23',0.81),(1314,5,'2011-03-24',0.56),(1315,5,'2011-03-25',-0.23),(1316,5,'2011-03-26',-0.17),(1317,5,'2011-03-27',0.89),(1318,5,'2011-03-28',0.08),(1319,5,'2011-03-29',-0.32),(1320,5,'2011-03-30',-0.04),(1321,5,'2011-03-31',-0.95),(1322,5,'2011-04-01',0.26),(1323,5,'2011-04-02',0.84),(1324,5,'2011-04-03',-0.50),(1325,5,'2011-04-04',0.52),(1326,5,'2011-04-05',0.95),(1327,5,'2011-04-06',0.86),(1328,5,'2011-04-07',0.47),(1329,5,'2011-04-08',0.72),(1330,5,'2011-04-09',-0.65),(1331,5,'2011-04-10',-0.37),(1332,5,'2011-04-11',-0.56),(1333,5,'2011-04-12',-0.07),(1334,5,'2011-04-13',0.71),(1335,5,'2011-04-14',-0.65),(1336,5,'2011-04-15',0.82),(1337,5,'2011-04-16',-0.52),(1338,5,'2011-04-17',0.22),(1339,5,'2011-04-18',0.51),(1340,5,'2011-04-19',-0.08),(1341,5,'2011-04-20',0.28),(1342,5,'2011-04-21',0.92),(1343,5,'2011-04-22',-0.26),(1344,5,'2011-04-23',0.09),(1345,5,'2011-04-24',0.48),(1346,5,'2011-04-25',0.51),(1347,5,'2011-04-26',0.93),(1348,5,'2011-04-27',0.36),(1349,5,'2011-04-28',-0.42),(1350,5,'2011-04-29',-0.39),(1351,5,'2011-04-30',-0.68),(1352,5,'2011-05-01',-0.37),(1353,5,'2011-05-02',0.87),(1354,5,'2011-05-03',-0.85),(1355,5,'2011-05-04',0.13),(1356,5,'2011-05-05',0.39),(1357,5,'2011-05-06',-0.91),(1358,5,'2011-05-07',-0.01),(1359,5,'2011-05-08',-0.15),(1360,5,'2011-05-09',0.82),(1361,5,'2011-05-10',0.34),(1362,5,'2011-05-11',0.49),(1363,5,'2011-05-12',-0.75),(1364,5,'2011-05-13',-0.73),(1365,5,'2011-05-14',0.20),(1366,5,'2011-05-15',-0.40),(1367,5,'2011-05-16',-0.91),(1368,5,'2011-05-17',0.69),(1369,5,'2011-05-18',0.83),(1370,5,'2011-05-19',0.60),(1371,5,'2011-05-20',-0.40),(1372,5,'2011-05-21',0.11),(1373,5,'2011-05-22',0.51),(1374,5,'2011-05-23',0.34),(1375,5,'2011-05-24',-0.80),(1376,5,'2011-05-25',-0.02),(1377,5,'2011-05-26',-0.15),(1378,5,'2011-05-27',-0.88),(1379,5,'2011-05-28',-0.67),(1380,5,'2011-05-29',0.43),(1381,5,'2011-05-30',-0.26),(1382,5,'2011-05-31',-0.34),(1383,5,'2011-06-01',-0.94),(1384,5,'2011-06-02',-0.40),(1385,5,'2011-06-03',-0.18),(1386,5,'2011-06-04',0.20),(1387,5,'2011-06-05',0.99),(1388,5,'2011-06-06',-0.08),(1389,5,'2011-06-07',-0.82),(1390,5,'2011-06-08',-0.16),(1391,5,'2011-06-09',-0.27),(1392,5,'2011-06-10',0.53),(1393,5,'2011-06-11',-0.68),(1394,5,'2011-06-12',-0.01),(1395,5,'2011-06-13',0.81),(1396,5,'2011-06-14',0.52),(1397,5,'2011-06-15',0.59),(1398,5,'2011-06-16',0.90),(1399,5,'2011-06-17',0.20),(1400,5,'2011-06-18',0.42),(1401,5,'2011-06-19',0.50),(1402,5,'2011-06-20',0.81),(1403,5,'2011-06-21',-0.47),(1404,5,'2011-06-22',0.00),(1405,5,'2011-06-23',0.15),(1406,5,'2011-06-24',-0.27),(1407,5,'2011-06-25',0.99),(1408,5,'2011-06-26',1.00),(1409,5,'2011-06-27',-0.14),(1410,5,'2011-06-28',-0.68),(1411,5,'2011-06-29',0.43),(1412,5,'2011-06-30',0.60),(1413,5,'2011-07-01',-0.02),(1414,5,'2011-07-02',0.49),(1415,5,'2011-07-03',-0.80),(1416,5,'2011-07-04',0.80),(1417,5,'2011-07-05',-0.31),(1418,5,'2011-07-06',-0.81),(1419,5,'2011-07-07',-0.29),(1420,5,'2011-07-08',-0.12),(1421,5,'2011-07-09',0.03),(1422,5,'2011-07-10',0.45),(1423,5,'2011-07-11',-0.59),(1424,5,'2011-07-12',0.36),(1425,5,'2011-07-13',-0.57),(1426,5,'2011-07-14',-0.79),(1427,5,'2011-07-15',-0.13),(1428,5,'2011-07-16',-0.98),(1429,5,'2011-07-17',-0.89),(1430,5,'2011-07-18',-0.93),(1431,5,'2011-07-19',0.44),(1432,5,'2011-07-20',0.61),(1433,5,'2011-07-21',0.88),(1434,5,'2011-07-22',0.98),(1435,5,'2011-07-23',-0.39),(1436,5,'2011-07-24',0.02),(1437,5,'2011-07-25',-0.29),(1438,5,'2011-07-26',-0.41),(1439,5,'2011-07-27',0.02),(1440,5,'2011-07-28',0.58),(1441,5,'2011-07-29',-0.09),(1442,5,'2011-07-30',-0.56),(1443,5,'2011-07-31',0.17),(1444,5,'2011-08-01',0.90),(1445,5,'2011-08-02',0.94),(1446,5,'2011-08-03',0.38),(1447,5,'2011-08-04',0.70),(1448,5,'2011-08-05',-0.38),(1449,5,'2011-08-06',0.57),(1450,5,'2011-08-07',-0.60),(1451,5,'2011-08-08',0.50),(1452,5,'2011-08-09',-0.40),(1453,5,'2011-08-10',0.85),(1454,5,'2011-08-11',0.91),(1455,5,'2011-08-12',0.96),(1456,5,'2011-08-13',-0.72),(1457,5,'2011-08-14',-0.88),(1458,5,'2011-08-15',-0.17),(1459,5,'2011-08-16',-0.70),(1460,5,'2011-08-17',-0.77),(1461,5,'2011-08-18',-0.10),(1462,5,'2011-08-19',0.75),(1463,5,'2011-08-20',0.85),(1464,5,'2011-08-21',-0.23),(1465,5,'2011-08-22',0.72),(1466,5,'2011-08-23',-0.55),(1467,5,'2011-08-24',0.80),(1468,5,'2011-08-25',-0.57),(1469,5,'2011-08-26',0.04),(1470,5,'2011-08-27',-0.19),(1471,5,'2011-08-28',-1.00),(1472,5,'2011-08-29',0.96),(1473,5,'2011-08-30',0.26),(1474,5,'2011-08-31',0.18),(1475,5,'2011-09-01',0.85),(1476,5,'2011-09-02',0.19),(1477,5,'2011-09-03',-0.45),(1478,5,'2011-09-04',0.54),(1479,5,'2011-09-05',0.82),(1480,5,'2011-09-06',-0.88),(1481,5,'2011-09-07',0.95),(1482,5,'2011-09-08',0.32),(1483,5,'2011-09-09',-0.28),(1484,5,'2011-09-10',0.80),(1485,5,'2011-09-11',0.22),(1486,5,'2011-09-12',-0.32),(1487,5,'2011-09-13',-0.93),(1488,5,'2011-09-14',0.35),(1489,5,'2011-09-15',0.51),(1490,5,'2011-09-16',-0.62),(1491,5,'2011-09-17',0.59),(1492,5,'2011-09-18',-0.59),(1493,5,'2011-09-19',-0.88),(1494,5,'2011-09-20',0.43),(1495,5,'2011-09-21',0.19),(1496,5,'2011-09-22',0.85),(1497,5,'2011-09-23',0.88),(1498,5,'2011-09-24',-0.02),(1499,5,'2011-09-25',-0.73),(1500,5,'2011-09-26',-0.08),(1501,5,'2011-09-27',0.80),(1502,5,'2011-09-28',-0.73),(1503,5,'2011-09-29',-0.12),(1504,5,'2011-09-30',0.06),(1505,5,'2011-10-01',0.45),(1506,5,'2011-10-02',-0.27),(1507,5,'2011-10-03',-0.76),(1508,5,'2011-10-04',-1.00),(1509,5,'2011-10-05',-0.73),(1510,5,'2011-10-06',-0.94),(1511,5,'2011-10-07',-0.87),(1512,5,'2011-10-08',-0.78),(1513,5,'2011-10-09',0.38),(1514,5,'2011-10-10',-0.14),(1515,5,'2011-10-11',-0.99),(1516,5,'2011-10-12',-0.40),(1517,5,'2011-10-13',0.54),(1518,5,'2011-10-14',-0.91),(1519,5,'2011-10-15',0.95),(1520,5,'2011-10-16',0.05),(1521,5,'2011-10-17',-0.52),(1522,5,'2011-10-18',0.53),(1523,5,'2011-10-19',0.46),(1524,5,'2011-10-20',-0.40),(1525,5,'2011-10-21',-0.04),(1526,5,'2011-10-22',-0.35),(1527,5,'2011-10-23',-0.56),(1528,5,'2011-10-24',-0.16),(1529,5,'2011-10-25',0.64),(1530,5,'2011-10-26',-0.28),(1531,5,'2011-10-27',0.77),(1532,5,'2011-10-28',0.44),(1533,5,'2011-10-29',-0.01),(1534,5,'2011-10-30',-0.36),(1535,5,'2011-10-31',-0.51),(1536,5,'2011-11-01',-0.56),(1537,5,'2011-11-02',0.37),(1538,5,'2011-11-03',-0.26),(1539,5,'2011-11-04',-0.55),(1540,5,'2011-11-05',0.65),(1541,5,'2011-11-06',-0.20),(1542,5,'2011-11-07',-0.42),(1543,5,'2011-11-08',0.87),(1544,5,'2011-11-09',-0.83),(1545,5,'2011-11-10',0.44),(1546,5,'2011-11-11',0.89),(1547,5,'2011-11-12',-0.23),(1548,5,'2011-11-13',-0.02),(1549,5,'2011-11-14',0.99),(1550,5,'2011-11-15',-0.29),(1551,5,'2011-11-16',-0.98),(1552,5,'2011-11-17',-0.54),(1553,5,'2011-11-18',-0.76),(1554,5,'2011-11-19',0.49),(1555,5,'2011-11-20',0.06),(1556,5,'2011-11-21',0.21),(1557,5,'2011-11-22',-0.87),(1558,5,'2011-11-23',0.51),(1559,5,'2011-11-24',-0.96),(1560,5,'2011-11-25',0.78),(1561,5,'2011-11-26',-0.78),(1562,5,'2011-11-27',0.81),(1563,5,'2011-11-28',0.21),(1564,5,'2011-11-29',0.22),(1565,5,'2011-11-30',-0.56),(1566,5,'2011-12-01',0.70),(1567,5,'2011-12-02',0.66),(1568,5,'2011-12-03',0.82),(1569,5,'2011-12-04',-0.57),(1570,5,'2011-12-05',-0.89),(1571,5,'2011-12-06',0.47),(1572,5,'2011-12-07',0.23),(1573,5,'2011-12-08',-0.31),(1574,5,'2011-12-09',0.33),(1575,5,'2011-12-10',0.41),(1576,5,'2011-12-11',-0.88),(1577,5,'2011-12-12',0.21),(1578,5,'2011-12-13',-0.83),(1579,5,'2011-12-14',0.11),(1580,5,'2011-12-15',0.20),(1581,5,'2011-12-16',-0.11),(1582,5,'2011-12-17',0.13),(1583,5,'2011-12-18',0.66),(1584,5,'2011-12-19',0.14),(1585,5,'2011-12-20',-0.38),(1586,5,'2011-12-21',-0.29),(1587,5,'2011-12-22',-0.66),(1588,5,'2011-12-23',-0.24),(1589,5,'2011-12-24',-0.78),(1590,5,'2011-12-25',-0.62),(1591,5,'2011-12-26',-0.47),(1592,5,'2011-12-27',-0.56),(1593,5,'2011-12-28',-0.82),(1594,5,'2011-12-29',0.74),(1595,5,'2011-12-30',0.67),(1596,5,'2011-12-31',-0.37),(1597,5,'2012-01-01',0.44),(1598,5,'2012-01-02',0.33),(1599,5,'2012-01-03',-0.55),(1600,5,'2012-01-04',0.87),(1601,5,'2012-01-05',0.44),(1602,5,'2012-01-06',0.92),(1603,5,'2012-01-07',0.10),(1604,5,'2012-01-08',-0.88),(1605,5,'2012-01-09',0.24),(1606,5,'2012-01-10',-0.50),(1607,5,'2012-01-11',-0.75),(1608,5,'2012-01-12',-0.55),(1609,5,'2012-01-13',-0.32),(1610,5,'2012-01-14',0.36),(1611,5,'2012-01-15',0.65),(1612,5,'2012-01-16',0.57),(1613,5,'2012-01-17',-0.51),(1614,5,'2012-01-18',0.30),(1615,5,'2012-01-19',-0.30),(1616,5,'2012-01-20',0.11),(1617,5,'2012-01-21',-0.99),(1618,5,'2012-01-22',0.04),(1619,5,'2012-01-23',0.88),(1620,5,'2012-01-24',-0.76),(1621,5,'2012-01-25',0.43),(1622,5,'2012-01-26',-0.60),(1623,5,'2012-01-27',-0.32),(1624,5,'2012-01-28',0.61),(1625,5,'2012-01-29',-0.86),(1626,5,'2012-01-30',-0.66),(1627,5,'2012-01-31',-0.76),(1628,5,'2012-02-01',0.58),(1629,5,'2012-02-02',0.67),(1630,5,'2012-02-03',-0.31),(1631,5,'2012-02-04',0.45),(1633,7,'2011-01-02',0.13),(1634,7,'2011-01-03',0.75),(1635,7,'2011-01-04',0.07),(1636,7,'2011-01-05',0.05),(1637,7,'2011-01-06',-0.19),(1638,7,'2011-01-07',0.35),(1639,7,'2011-01-08',0.76),(1640,7,'2011-01-09',-0.52),(1641,7,'2011-01-10',0.35),(1642,7,'2011-01-11',0.12),(1643,7,'2011-01-12',-0.71),(1644,7,'2011-01-13',0.97),(1645,7,'2011-01-14',0.77),(1646,7,'2011-01-15',-0.17),(1647,7,'2011-01-16',-0.98),(1648,7,'2011-01-17',0.81),(1649,7,'2011-01-18',0.10),(1650,7,'2011-01-19',0.11),(1651,7,'2011-01-20',0.99),(1652,7,'2011-01-21',-0.48),(1653,7,'2011-01-22',0.40),(1654,7,'2011-01-23',0.20),(1655,7,'2011-01-24',-0.60),(1656,7,'2011-01-25',0.68),(1657,7,'2011-01-26',0.95),(1658,7,'2011-01-27',-0.19),(1659,7,'2011-01-28',-0.70),(1660,7,'2011-01-29',-0.87),(1661,7,'2011-01-30',0.72),(1662,7,'2011-01-31',-0.35),(1663,7,'2011-02-01',0.22),(1664,7,'2011-02-02',-0.16),(1665,7,'2011-02-03',-0.61),(1666,7,'2011-02-04',-0.71),(1667,7,'2011-02-05',0.90),(1668,7,'2011-02-06',0.20),(1669,7,'2011-02-07',0.65),(1670,7,'2011-02-08',0.65),(1671,7,'2011-02-09',0.69),(1672,7,'2011-02-10',-0.01),(1673,7,'2011-02-11',-0.23),(1674,7,'2011-02-12',0.98),(1675,7,'2011-02-13',-0.04),(1676,7,'2011-02-14',-0.46),(1677,7,'2011-02-15',-0.19),(1678,7,'2011-02-16',-0.01),(1679,7,'2011-02-17',-0.66),(1680,7,'2011-02-18',0.92),(1681,7,'2011-02-19',-0.91),(1682,7,'2011-02-20',-0.68),(1683,7,'2011-02-21',-0.57),(1684,7,'2011-02-22',0.49),(1685,7,'2011-02-23',0.52),(1686,7,'2011-02-24',-0.16),(1687,7,'2011-02-25',0.16),(1688,7,'2011-02-26',0.47),(1689,7,'2011-02-27',0.66),(1690,7,'2011-02-28',0.47),(1691,7,'2011-03-01',0.60),(1692,7,'2011-03-02',0.37),(1693,7,'2011-03-03',-0.89),(1694,7,'2011-03-04',-0.18),(1695,7,'2011-03-05',-0.79),(1696,7,'2011-03-06',-0.49),(1697,7,'2011-03-07',0.12),(1698,7,'2011-03-08',-0.90),(1699,7,'2011-03-09',0.72),(1700,7,'2011-03-10',-0.24),(1701,7,'2011-03-11',0.76),(1702,7,'2011-03-12',0.41),(1703,7,'2011-03-13',0.75),(1704,7,'2011-03-14',-0.48),(1705,7,'2011-03-15',0.39),(1706,7,'2011-03-16',-0.29),(1707,7,'2011-03-17',0.07),(1708,7,'2011-03-18',-0.81),(1709,7,'2011-03-19',0.70),(1710,7,'2011-03-20',0.41),(1711,7,'2011-03-21',-0.90),(1712,7,'2011-03-22',0.79),(1713,7,'2011-03-23',0.74),(1714,7,'2011-03-24',-0.46),(1715,7,'2011-03-25',0.27),(1716,7,'2011-03-26',0.26),(1717,7,'2011-03-27',0.39),(1718,7,'2011-03-28',-0.57),(1719,7,'2011-03-29',-0.28),(1720,7,'2011-03-30',0.04),(1721,7,'2011-03-31',0.91),(1722,7,'2011-04-01',-0.68),(1723,7,'2011-04-02',-0.60),(1724,7,'2011-04-03',-0.98),(1725,7,'2011-04-04',0.14),(1726,7,'2011-04-05',-0.39),(1727,7,'2011-04-06',-0.47),(1728,7,'2011-04-07',-0.75),(1729,7,'2011-04-08',-0.28),(1730,7,'2011-04-09',-0.75),(1731,7,'2011-04-10',0.02),(1732,7,'2011-04-11',-0.53),(1733,7,'2011-04-12',0.66),(1734,7,'2011-04-13',-0.23),(1735,7,'2011-04-14',-0.01),(1736,7,'2011-04-15',0.04),(1737,7,'2011-04-16',0.48),(1738,7,'2011-04-17',-0.94),(1739,7,'2011-04-18',0.24),(1740,7,'2011-04-19',0.17),(1741,7,'2011-04-20',0.47),(1742,7,'2011-04-21',0.35),(1743,7,'2011-04-22',-0.05),(1744,7,'2011-04-23',0.20),(1745,7,'2011-04-24',0.89),(1746,7,'2011-04-25',-0.78),(1747,7,'2011-04-26',-0.55),(1748,7,'2011-04-27',0.28),(1749,7,'2011-04-28',-0.34),(1750,7,'2011-04-29',0.18),(1751,7,'2011-04-30',-0.69),(1752,7,'2011-05-01',-0.44),(1753,7,'2011-05-02',0.50),(1754,7,'2011-05-03',-0.29),(1755,7,'2011-05-04',-0.42),(1756,7,'2011-05-05',-0.36),(1757,7,'2011-05-06',0.33),(1758,7,'2011-05-07',0.12),(1759,7,'2011-05-08',-0.10),(1760,7,'2011-05-09',-0.96),(1761,7,'2011-05-10',0.37),(1762,7,'2011-05-11',0.92),(1763,7,'2011-05-12',-0.49),(1764,7,'2011-05-13',0.02),(1765,7,'2011-05-14',-0.32),(1766,7,'2011-05-15',0.51),(1767,7,'2011-05-16',-0.94),(1768,7,'2011-05-17',-0.84),(1769,7,'2011-05-18',0.57),(1770,7,'2011-05-19',0.31),(1771,7,'2011-05-20',0.34),(1772,7,'2011-05-21',0.04),(1773,7,'2011-05-22',-0.35),(1774,7,'2011-05-23',-0.71),(1775,7,'2011-05-24',-0.77),(1776,7,'2011-05-25',-0.46),(1777,7,'2011-05-26',-0.48),(1778,7,'2011-05-27',-0.31),(1779,7,'2011-05-28',0.82),(1780,7,'2011-05-29',0.18),(1781,7,'2011-05-30',0.88),(1782,7,'2011-05-31',-0.88),(1783,7,'2011-06-01',0.75),(1784,7,'2011-06-02',0.37),(1785,7,'2011-06-03',-0.17),(1786,7,'2011-06-04',-0.68),(1787,7,'2011-06-05',-1.00),(1788,7,'2011-06-06',-0.84),(1789,7,'2011-06-07',0.44),(1790,7,'2011-06-08',-0.10),(1791,7,'2011-06-09',-0.80),(1792,7,'2011-06-10',-0.19),(1793,7,'2011-06-11',-0.18),(1794,7,'2011-06-12',-0.29),(1795,7,'2011-06-13',0.84),(1796,7,'2011-06-14',0.51),(1797,7,'2011-06-15',-0.78),(1798,7,'2011-06-16',0.90),(1799,7,'2011-06-17',0.67),(1800,7,'2011-06-18',0.79),(1801,7,'2011-06-19',0.20),(1802,7,'2011-06-20',0.01),(1803,7,'2011-06-21',-0.18),(1804,7,'2011-06-22',0.85),(1805,7,'2011-06-23',0.30),(1806,7,'2011-06-24',0.06),(1807,7,'2011-06-25',-0.61),(1808,7,'2011-06-26',0.82),(1809,7,'2011-06-27',0.76),(1810,7,'2011-06-28',-0.80),(1811,7,'2011-06-29',0.00),(1812,7,'2011-06-30',0.63),(1813,7,'2011-07-01',-0.68),(1814,7,'2011-07-02',-0.26),(1815,7,'2011-07-03',0.00),(1816,7,'2011-07-04',0.16),(1817,7,'2011-07-05',0.06),(1818,7,'2011-07-06',0.01),(1819,7,'2011-07-07',0.32),(1820,7,'2011-07-08',-0.50),(1821,7,'2011-07-09',0.92),(1822,7,'2011-07-10',0.53),(1823,7,'2011-07-11',0.31),(1824,7,'2011-07-12',-0.27),(1825,7,'2011-07-13',-0.76),(1826,7,'2011-07-14',0.14),(1827,7,'2011-07-15',-0.76),(1828,7,'2011-07-16',-0.54),(1829,7,'2011-07-17',0.04),(1830,7,'2011-07-18',0.92),(1831,7,'2011-07-19',-0.75),(1832,7,'2011-07-20',-0.76),(1833,7,'2011-07-21',-0.08),(1834,7,'2011-07-22',0.07),(1835,7,'2011-07-23',-0.91),(1836,7,'2011-07-24',-0.79),(1837,7,'2011-07-25',-0.87),(1838,7,'2011-07-26',-0.52),(1839,7,'2011-07-27',-0.97),(1840,7,'2011-07-28',0.90),(1841,7,'2011-07-29',-0.32),(1842,7,'2011-07-30',0.03),(1843,7,'2011-07-31',0.52),(1844,7,'2011-08-01',0.01),(1845,7,'2011-08-02',0.77),(1846,7,'2011-08-03',-0.48),(1847,7,'2011-08-04',-0.83),(1848,7,'2011-08-05',-0.17),(1849,7,'2011-08-06',0.53),(1850,7,'2011-08-07',0.50),(1851,7,'2011-08-08',0.33),(1852,7,'2011-08-09',0.45),(1853,7,'2011-08-10',0.02),(1854,7,'2011-08-11',-0.36),(1855,7,'2011-08-12',-0.83),(1856,7,'2011-08-13',0.26),(1857,7,'2011-08-14',0.79),(1858,7,'2011-08-15',-0.58),(1859,7,'2011-08-16',0.73),(1860,7,'2011-08-17',-0.18),(1861,7,'2011-08-18',-0.67),(1862,7,'2011-08-19',0.98),(1863,7,'2011-08-20',0.06),(1864,7,'2011-08-21',0.25),(1865,7,'2011-08-22',0.05),(1866,7,'2011-08-23',0.15),(1867,7,'2011-08-24',0.47),(1868,7,'2011-08-25',0.18),(1869,7,'2011-08-26',0.64),(1870,7,'2011-08-27',0.50),(1871,7,'2011-08-28',0.07),(1872,7,'2011-08-29',-0.69),(1873,7,'2011-08-30',-0.47),(1874,7,'2011-08-31',-0.41),(1875,7,'2011-09-01',0.33),(1876,7,'2011-09-02',-0.71),(1877,7,'2011-09-03',0.12),(1878,7,'2011-09-04',0.51),(1879,7,'2011-09-05',0.12),(1880,7,'2011-09-06',-0.35),(1881,7,'2011-09-07',0.00),(1882,7,'2011-09-08',-0.55),(1883,7,'2011-09-09',-0.91),(1884,7,'2011-09-10',-0.98),(1885,7,'2011-09-11',0.10),(1886,7,'2011-09-12',-0.73),(1887,7,'2011-09-13',0.28),(1888,7,'2011-09-14',-0.12),(1889,7,'2011-09-15',-0.31),(1890,7,'2011-09-16',0.00),(1891,7,'2011-09-17',0.70),(1892,7,'2011-09-18',0.02),(1893,7,'2011-09-19',-0.02),(1894,7,'2011-09-20',-0.24),(1895,7,'2011-09-21',-0.73),(1896,7,'2011-09-22',-0.98),(1897,7,'2011-09-23',0.91),(1898,7,'2011-09-24',0.74),(1899,7,'2011-09-25',0.20),(1900,7,'2011-09-26',0.55),(1901,7,'2011-09-27',0.24),(1902,7,'2011-09-28',-0.73),(1903,7,'2011-09-29',0.86),(1904,7,'2011-09-30',0.77),(1905,7,'2011-10-01',-0.13),(1906,7,'2011-10-02',0.19),(1907,7,'2011-10-03',-0.94),(1908,7,'2011-10-04',0.99),(1909,7,'2011-10-05',-0.31),(1910,7,'2011-10-06',0.19),(1911,7,'2011-10-07',-0.37),(1912,7,'2011-10-08',0.70),(1913,7,'2011-10-09',0.65),(1914,7,'2011-10-10',-0.27),(1915,7,'2011-10-11',0.72),(1916,7,'2011-10-12',-0.26),(1917,7,'2011-10-13',0.00),(1918,7,'2011-10-14',-0.01),(1919,7,'2011-10-15',0.62),(1920,7,'2011-10-16',0.70),(1921,7,'2011-10-17',1.00),(1922,7,'2011-10-18',0.31),(1923,7,'2011-10-19',-0.28),(1924,7,'2011-10-20',-0.03),(1925,7,'2011-10-21',-0.93),(1926,7,'2011-10-22',-0.01),(1927,7,'2011-10-23',-0.01),(1928,7,'2011-10-24',0.98),(1929,7,'2011-10-25',-0.27),(1930,7,'2011-10-26',-0.81),(1931,7,'2011-10-27',0.52),(1932,7,'2011-10-28',0.98),(1933,7,'2011-10-29',-0.53),(1934,7,'2011-10-30',0.38),(1935,7,'2011-10-31',0.75),(1936,7,'2011-11-01',0.34),(1937,7,'2011-11-02',-0.43),(1938,7,'2011-11-03',0.81),(1939,7,'2011-11-04',0.33),(1940,7,'2011-11-05',0.27),(1941,7,'2011-11-06',0.00),(1942,7,'2011-11-07',0.97),(1943,7,'2011-11-08',-0.04),(1944,7,'2011-11-09',-0.36),(1945,7,'2011-11-10',-0.31),(1946,7,'2011-11-11',-0.33),(1947,7,'2011-11-12',0.39),(1948,7,'2011-11-13',0.70),(1949,7,'2011-11-14',0.67),(1950,7,'2011-11-15',0.00),(1951,7,'2011-11-16',0.39),(1952,7,'2011-11-17',0.67),(1953,7,'2011-11-18',-0.69),(1954,7,'2011-11-19',-0.90),(1955,7,'2011-11-20',-0.37),(1956,7,'2011-11-21',-0.62),(1957,7,'2011-11-22',0.10),(1958,7,'2011-11-23',0.63),(1959,7,'2011-11-24',-0.64),(1960,7,'2011-11-25',0.84),(1961,7,'2011-11-26',0.83),(1962,7,'2011-11-27',0.89),(1963,7,'2011-11-28',0.81),(1964,7,'2011-11-29',-0.71),(1965,7,'2011-11-30',0.27),(1966,7,'2011-12-01',0.55),(1967,7,'2011-12-02',0.63),(1968,7,'2011-12-03',0.84),(1969,7,'2011-12-04',0.36),(1970,7,'2011-12-05',-0.05),(1971,7,'2011-12-06',0.11),(1972,7,'2011-12-07',-0.65),(1973,7,'2011-12-08',-0.09),(1974,7,'2011-12-09',-0.94),(1975,7,'2011-12-10',0.00),(1976,7,'2011-12-11',0.61),(1977,7,'2011-12-12',-0.26),(1978,7,'2011-12-13',-0.62),(1979,7,'2011-12-14',0.30),(1980,7,'2011-12-15',-0.60),(1981,7,'2011-12-16',0.38),(1982,7,'2011-12-17',-0.31),(1983,7,'2011-12-18',-0.93),(1984,7,'2011-12-19',0.70),(1985,7,'2011-12-20',-0.20),(1986,7,'2011-12-21',-0.30),(1987,7,'2011-12-22',-0.93),(1988,7,'2011-12-23',0.90),(1989,7,'2011-12-24',-0.67),(1990,7,'2011-12-25',-0.56),(1991,7,'2011-12-26',0.73),(1992,7,'2011-12-27',-0.85),(1993,7,'2011-12-28',-0.68),(1994,7,'2011-12-29',0.54),(1995,7,'2011-12-30',-0.55),(1996,7,'2011-12-31',0.59),(1997,7,'2012-01-01',0.08),(1998,7,'2012-01-02',-0.93),(1999,7,'2012-01-03',0.43),(2000,7,'2012-01-04',-0.57),(2001,7,'2012-01-05',0.03),(2002,7,'2012-01-06',-0.47),(2003,7,'2012-01-07',-0.21),(2004,7,'2012-01-08',0.95),(2005,7,'2012-01-09',-0.40),(2006,7,'2012-01-10',0.80),(2007,7,'2012-01-11',0.55),(2008,7,'2012-01-12',0.35),(2009,7,'2012-01-13',-0.83),(2010,7,'2012-01-14',-0.15),(2011,7,'2012-01-15',0.75),(2012,7,'2012-01-16',0.56),(2013,7,'2012-01-17',0.54),(2014,7,'2012-01-18',0.83),(2015,7,'2012-01-19',0.25),(2016,7,'2012-01-20',-0.66),(2017,7,'2012-01-21',-0.48),(2018,7,'2012-01-22',0.33),(2019,7,'2012-01-23',-0.77),(2020,7,'2012-01-24',-0.14),(2021,7,'2012-01-25',0.77),(2022,7,'2012-01-26',0.97),(2023,7,'2012-01-27',0.02),(2024,7,'2012-01-28',-0.92),(2025,7,'2012-01-29',0.50),(2026,7,'2012-01-30',0.47),(2027,7,'2012-01-31',0.68),(2028,7,'2012-02-01',-0.42),(2029,7,'2012-02-02',0.55),(2030,7,'2012-02-03',0.11),(2031,7,'2012-02-04',0.02),(2032,8,'2011-01-02',0.58),(2033,8,'2011-01-03',0.07),(2034,8,'2011-01-04',-0.70),(2035,8,'2011-01-05',0.97),(2036,8,'2011-01-06',-0.46),(2037,8,'2011-01-07',0.81),(2038,8,'2011-01-08',0.89),(2039,8,'2011-01-09',0.83),(2040,8,'2011-01-10',0.86),(2041,8,'2011-01-11',0.29),(2042,8,'2011-01-12',-0.79),(2043,8,'2011-01-13',0.86),(2044,8,'2011-01-14',0.75),(2045,8,'2011-01-15',0.77),(2046,8,'2011-01-16',-0.96),(2047,8,'2011-01-17',0.77),(2048,8,'2011-01-18',-0.47),(2049,8,'2011-01-19',-0.15),(2050,8,'2011-01-20',0.92),(2051,8,'2011-01-21',0.58),(2052,8,'2011-01-22',0.39),(2053,8,'2011-01-23',0.42),(2054,8,'2011-01-24',-1.00),(2055,8,'2011-01-25',-0.96),(2056,8,'2011-01-26',0.33),(2057,8,'2011-01-27',0.70),(2058,8,'2011-01-28',0.10),(2059,8,'2011-01-29',0.20),(2060,8,'2011-01-30',0.71),(2061,8,'2011-01-31',0.56),(2062,8,'2011-02-01',-0.83),(2063,8,'2011-02-02',0.28),(2064,8,'2011-02-03',-0.37),(2065,8,'2011-02-04',-0.53),(2066,8,'2011-02-05',0.24),(2067,8,'2011-02-06',0.17),(2068,8,'2011-02-07',-0.72),(2069,8,'2011-02-08',0.12),(2070,8,'2011-02-09',0.00),(2071,8,'2011-02-10',-0.87),(2072,8,'2011-02-11',-0.59),(2073,8,'2011-02-12',0.21),(2074,8,'2011-02-13',1.00),(2075,8,'2011-02-14',-0.84),(2076,8,'2011-02-15',-0.02),(2077,8,'2011-02-16',-0.97),(2078,8,'2011-02-17',0.93),(2079,8,'2011-02-18',0.52),(2080,8,'2011-02-19',-0.12),(2081,8,'2011-02-20',0.84),(2082,8,'2011-02-21',0.10),(2083,8,'2011-02-22',-0.73),(2084,8,'2011-02-23',0.26),(2085,8,'2011-02-24',0.10),(2086,8,'2011-02-25',-0.69),(2087,8,'2011-02-26',-0.42),(2088,8,'2011-02-27',-0.21),(2089,8,'2011-02-28',0.41),(2090,8,'2011-03-01',0.79),(2091,8,'2011-03-02',-0.51),(2092,8,'2011-03-03',-0.03),(2093,8,'2011-03-04',0.97),(2094,8,'2011-03-05',0.78),(2095,8,'2011-03-06',0.60),(2096,8,'2011-03-07',-0.56),(2097,8,'2011-03-08',0.02),(2098,8,'2011-03-09',-0.23),(2099,8,'2011-03-10',-0.28),(2100,8,'2011-03-11',-0.86),(2101,8,'2011-03-12',0.78),(2102,8,'2011-03-13',-0.14),(2103,8,'2011-03-14',-0.44),(2104,8,'2011-03-15',-0.01),(2105,8,'2011-03-16',-0.15),(2106,8,'2011-03-17',-0.28),(2107,8,'2011-03-18',0.97),(2108,8,'2011-03-19',-0.12),(2109,8,'2011-03-20',-0.35),(2110,8,'2011-03-21',0.49),(2111,8,'2011-03-22',0.77),(2112,8,'2011-03-23',-0.51),(2113,8,'2011-03-24',-0.42),(2114,8,'2011-03-25',-0.96),(2115,8,'2011-03-26',0.75),(2116,8,'2011-03-27',0.68),(2117,8,'2011-03-28',-0.64),(2118,8,'2011-03-29',-0.67),(2119,8,'2011-03-30',-0.53),(2120,8,'2011-03-31',0.77),(2121,8,'2011-04-01',-0.89),(2122,8,'2011-04-02',-0.03),(2123,8,'2011-04-03',-0.26),(2124,8,'2011-04-04',-0.92),(2125,8,'2011-04-05',-0.26),(2126,8,'2011-04-06',-0.67),(2127,8,'2011-04-07',-0.48),(2128,8,'2011-04-08',0.77),(2129,8,'2011-04-09',0.10),(2130,8,'2011-04-10',0.24),(2131,8,'2011-04-11',0.92),(2132,8,'2011-04-12',-0.13),(2133,8,'2011-04-13',-0.91),(2134,8,'2011-04-14',-0.53),(2135,8,'2011-04-15',0.86),(2136,8,'2011-04-16',-0.06),(2137,8,'2011-04-17',0.20),(2138,8,'2011-04-18',0.83),(2139,8,'2011-04-19',0.83),(2140,8,'2011-04-20',0.86),(2141,8,'2011-04-21',0.31),(2142,8,'2011-04-22',0.60),(2143,8,'2011-04-23',-0.66),(2144,8,'2011-04-24',0.90),(2145,8,'2011-04-25',0.65),(2146,8,'2011-04-26',-0.91),(2147,8,'2011-04-27',0.57),(2148,8,'2011-04-28',-1.00),(2149,8,'2011-04-29',-0.57),(2150,8,'2011-04-30',-0.97),(2151,8,'2011-05-01',0.78),(2152,8,'2011-05-02',-0.46),(2153,8,'2011-05-03',0.00),(2154,8,'2011-05-04',-0.49),(2155,8,'2011-05-05',-0.37),(2156,8,'2011-05-06',0.75),(2157,8,'2011-05-07',-0.16),(2158,8,'2011-05-08',0.15),(2159,8,'2011-05-09',0.52),(2160,8,'2011-05-10',0.95),(2161,8,'2011-05-11',-0.61),(2162,8,'2011-05-12',0.44),(2163,8,'2011-05-13',-0.18),(2164,8,'2011-05-14',-0.51),(2165,8,'2011-05-15',0.92),(2166,8,'2011-05-16',-0.32),(2167,8,'2011-05-17',0.44),(2168,8,'2011-05-18',0.11),(2169,8,'2011-05-19',-0.49),(2170,8,'2011-05-20',0.26),(2171,8,'2011-05-21',-0.04),(2172,8,'2011-05-22',0.83),(2173,8,'2011-05-23',-0.14),(2174,8,'2011-05-24',0.31),(2175,8,'2011-05-25',0.72),(2176,8,'2011-05-26',-0.49),(2177,8,'2011-05-27',0.41),(2178,8,'2011-05-28',0.28),(2179,8,'2011-05-29',-0.49),(2180,8,'2011-05-30',0.84),(2181,8,'2011-05-31',0.32),(2182,8,'2011-06-01',-0.71),(2183,8,'2011-06-02',-0.62),(2184,8,'2011-06-03',-0.68),(2185,8,'2011-06-04',-0.20),(2186,8,'2011-06-05',0.01),(2187,8,'2011-06-06',-0.93),(2188,8,'2011-06-07',0.65),(2189,8,'2011-06-08',-0.84),(2190,8,'2011-06-09',0.60),(2191,8,'2011-06-10',0.60),(2192,8,'2011-06-11',-0.45),(2193,8,'2011-06-12',0.03),(2194,8,'2011-06-13',-0.59),(2195,8,'2011-06-14',0.04),(2196,8,'2011-06-15',-0.06),(2197,8,'2011-06-16',0.09),(2198,8,'2011-06-17',-0.53),(2199,8,'2011-06-18',-0.96),(2200,8,'2011-06-19',0.60),(2201,8,'2011-06-20',0.74),(2202,8,'2011-06-21',0.01),(2203,8,'2011-06-22',0.43),(2204,8,'2011-06-23',-0.40),(2205,8,'2011-06-24',-0.68),(2206,8,'2011-06-25',0.14),(2207,8,'2011-06-26',0.11),(2208,8,'2011-06-27',0.74),(2209,8,'2011-06-28',-0.58),(2210,8,'2011-06-29',0.63),(2211,8,'2011-06-30',0.57),(2212,8,'2011-07-01',0.74),(2213,8,'2011-07-02',0.92),(2214,8,'2011-07-03',0.96),(2215,8,'2011-07-04',-0.94),(2216,8,'2011-07-05',-0.28),(2217,8,'2011-07-06',-0.04),(2218,8,'2011-07-07',-0.87),(2219,8,'2011-07-08',-0.64),(2220,8,'2011-07-09',0.12),(2221,8,'2011-07-10',0.73),(2222,8,'2011-07-11',0.97),(2223,8,'2011-07-12',0.68),(2224,8,'2011-07-13',-0.24),(2225,8,'2011-07-14',-0.63),(2226,8,'2011-07-15',-0.28),(2227,8,'2011-07-16',0.70),(2228,8,'2011-07-17',0.47),(2229,8,'2011-07-18',0.20),(2230,8,'2011-07-19',0.75),(2231,8,'2011-07-20',0.07),(2232,8,'2011-07-21',-0.06),(2233,8,'2011-07-22',-0.24),(2234,8,'2011-07-23',-0.51),(2235,8,'2011-07-24',0.55),(2236,8,'2011-07-25',0.09),(2237,8,'2011-07-26',0.63),(2238,8,'2011-07-27',-0.35),(2239,8,'2011-07-28',-0.18),(2240,8,'2011-07-29',-0.95),(2241,8,'2011-07-30',-0.72),(2242,8,'2011-07-31',-0.62),(2243,8,'2011-08-01',0.79),(2244,8,'2011-08-02',-0.81),(2245,8,'2011-08-03',-0.66),(2246,8,'2011-08-04',0.86),(2247,8,'2011-08-05',-0.08),(2248,8,'2011-08-06',0.30),(2249,8,'2011-08-07',1.00),(2250,8,'2011-08-08',0.29),(2251,8,'2011-08-09',-0.58),(2252,8,'2011-08-10',0.73),(2253,8,'2011-08-11',0.25),(2254,8,'2011-08-12',-0.90),(2255,8,'2011-08-13',-0.52),(2256,8,'2011-08-14',0.63),(2257,8,'2011-08-15',-0.18),(2258,8,'2011-08-16',-0.83),(2259,8,'2011-08-17',0.09),(2260,8,'2011-08-18',-0.99),(2261,8,'2011-08-19',0.93),(2262,8,'2011-08-20',-0.84),(2263,8,'2011-08-21',-0.04),(2264,8,'2011-08-22',-0.32),(2265,8,'2011-08-23',-0.35),(2266,8,'2011-08-24',-0.50),(2267,8,'2011-08-25',0.77),(2268,8,'2011-08-26',-0.72),(2269,8,'2011-08-27',0.16),(2270,8,'2011-08-28',-0.41),(2271,8,'2011-08-29',-0.67),(2272,8,'2011-08-30',0.44),(2273,8,'2011-08-31',-0.02),(2274,8,'2011-09-01',-0.88),(2275,8,'2011-09-02',0.64),(2276,8,'2011-09-03',0.32),(2277,8,'2011-09-04',0.99),(2278,8,'2011-09-05',-0.45),(2279,8,'2011-09-06',-0.39),(2280,8,'2011-09-07',0.98),(2281,8,'2011-09-08',0.84),(2282,8,'2011-09-09',0.04),(2283,8,'2011-09-10',0.70),(2284,8,'2011-09-11',0.09),(2285,8,'2011-09-12',0.14),(2286,8,'2011-09-13',-0.83),(2287,8,'2011-09-14',-0.29),(2288,8,'2011-09-15',0.97),(2289,8,'2011-09-16',-0.65),(2290,8,'2011-09-17',0.81),(2291,8,'2011-09-18',0.99),(2292,8,'2011-09-19',-0.73),(2293,8,'2011-09-20',0.97),(2294,8,'2011-09-21',-0.06),(2295,8,'2011-09-22',-0.04),(2296,8,'2011-09-23',-0.38),(2297,8,'2011-09-24',0.44),(2298,8,'2011-09-25',-0.27),(2299,8,'2011-09-26',-0.09),(2300,8,'2011-09-27',-0.40),(2301,8,'2011-09-28',0.32),(2302,8,'2011-09-29',0.25),(2303,8,'2011-09-30',-0.97),(2304,8,'2011-10-01',-0.71),(2305,8,'2011-10-02',0.38),(2306,8,'2011-10-03',0.67),(2307,8,'2011-10-04',0.61),(2308,8,'2011-10-05',0.36),(2309,8,'2011-10-06',-0.78),(2310,8,'2011-10-07',-0.78),(2311,8,'2011-10-08',0.33),(2312,8,'2011-10-09',-0.94),(2313,8,'2011-10-10',0.27),(2314,8,'2011-10-11',0.02),(2315,8,'2011-10-12',0.15),(2316,8,'2011-10-13',-0.59),(2317,8,'2011-10-14',0.20),(2318,8,'2011-10-15',0.86),(2319,8,'2011-10-16',-0.63),(2320,8,'2011-10-17',0.55),(2321,8,'2011-10-18',0.66),(2322,8,'2011-10-19',-0.64),(2323,8,'2011-10-20',0.83),(2324,8,'2011-10-21',0.63),(2325,8,'2011-10-22',0.30),(2326,8,'2011-10-23',-0.22),(2327,8,'2011-10-24',-0.76),(2328,8,'2011-10-25',-0.26),(2329,8,'2011-10-26',0.51),(2330,8,'2011-10-27',0.15),(2331,8,'2011-10-28',0.34),(2332,8,'2011-10-29',-0.17),(2333,8,'2011-10-30',-0.60),(2334,8,'2011-10-31',0.38),(2335,8,'2011-11-01',0.12),(2336,8,'2011-11-02',0.78),(2337,8,'2011-11-03',0.05),(2338,8,'2011-11-04',-0.27),(2339,8,'2011-11-05',0.13),(2340,8,'2011-11-06',0.27),(2341,8,'2011-11-07',-0.05),(2342,8,'2011-11-08',-0.55),(2343,8,'2011-11-09',0.34),(2344,8,'2011-11-10',-0.79),(2345,8,'2011-11-11',0.48),(2346,8,'2011-11-12',-0.51),(2347,8,'2011-11-13',-0.38),(2348,8,'2011-11-14',-0.33),(2349,8,'2011-11-15',-0.66),(2350,8,'2011-11-16',0.00),(2351,8,'2011-11-17',-0.78),(2352,8,'2011-11-18',-1.00),(2353,8,'2011-11-19',0.36),(2354,8,'2011-11-20',-0.95),(2355,8,'2011-11-21',0.64),(2356,8,'2011-11-22',-0.34),(2357,8,'2011-11-23',-0.17),(2358,8,'2011-11-24',0.88),(2359,8,'2011-11-25',0.41),(2360,8,'2011-11-26',-0.66),(2361,8,'2011-11-27',0.03),(2362,8,'2011-11-28',-0.26),(2363,8,'2011-11-29',0.17),(2364,8,'2011-11-30',0.43),(2365,8,'2011-12-01',-0.88),(2366,8,'2011-12-02',-0.71),(2367,8,'2011-12-03',0.20),(2368,8,'2011-12-04',0.17),(2369,8,'2011-12-05',0.02),(2370,8,'2011-12-06',-0.67),(2371,8,'2011-12-07',-0.56),(2372,8,'2011-12-08',0.97),(2373,8,'2011-12-09',-0.22),(2374,8,'2011-12-10',0.78),(2375,8,'2011-12-11',-0.82),(2376,8,'2011-12-12',-0.74),(2377,8,'2011-12-13',-0.74),(2378,8,'2011-12-14',-0.19),(2379,8,'2011-12-15',-0.06),(2380,8,'2011-12-16',-0.39),(2381,8,'2011-12-17',0.81),(2382,8,'2011-12-18',0.16),(2383,8,'2011-12-19',-0.38),(2384,8,'2011-12-20',0.17),(2385,8,'2011-12-21',0.22),(2386,8,'2011-12-22',-0.74),(2387,8,'2011-12-23',0.83),(2388,8,'2011-12-24',-0.96),(2389,8,'2011-12-25',-0.87),(2390,8,'2011-12-26',0.23),(2391,8,'2011-12-27',-0.61),(2392,8,'2011-12-28',0.17),(2393,8,'2011-12-29',0.98),(2394,8,'2011-12-30',0.56),(2395,8,'2011-12-31',-0.40),(2396,8,'2012-01-01',-0.91),(2397,8,'2012-01-02',0.86),(2398,8,'2012-01-03',0.81),(2399,8,'2012-01-04',0.27),(2400,8,'2012-01-05',-0.13),(2401,8,'2012-01-06',-0.87),(2402,8,'2012-01-07',0.71),(2403,8,'2012-01-08',-0.17),(2404,8,'2012-01-09',-0.08),(2405,8,'2012-01-10',0.49),(2406,8,'2012-01-11',0.02),(2407,8,'2012-01-12',0.18),(2408,8,'2012-01-13',0.76),(2409,8,'2012-01-14',0.83),(2410,8,'2012-01-15',-0.89),(2411,8,'2012-01-16',-0.63),(2412,8,'2012-01-17',0.64),(2413,8,'2012-01-18',0.28),(2414,8,'2012-01-19',0.00),(2415,8,'2012-01-20',-0.20),(2416,8,'2012-01-21',-0.51),(2417,8,'2012-01-22',0.26),(2418,8,'2012-01-23',-0.38),(2419,8,'2012-01-24',-0.46),(2420,8,'2012-01-25',0.40),(2421,8,'2012-01-26',0.86),(2422,8,'2012-01-27',-0.07),(2423,8,'2012-01-28',-0.43),(2424,8,'2012-01-29',0.83),(2425,8,'2012-01-30',-0.51),(2426,8,'2012-01-31',0.17),(2427,8,'2012-02-01',0.93),(2428,8,'2012-02-02',-0.66),(2429,8,'2012-02-03',-0.03),(2430,8,'2012-02-04',0.19),(2431,9,'2011-01-02',-0.98),(2432,9,'2011-01-03',-0.37),(2433,9,'2011-01-04',-0.59),(2434,9,'2011-01-05',0.60),(2435,9,'2011-01-06',0.06),(2436,9,'2011-01-07',-0.41),(2437,9,'2011-01-08',0.05),(2438,9,'2011-01-09',-0.92),(2439,9,'2011-01-10',0.94),(2440,9,'2011-01-11',-0.26),(2441,9,'2011-01-12',-0.98),(2442,9,'2011-01-13',-0.96),(2443,9,'2011-01-14',0.44),(2444,9,'2011-01-15',-0.96),(2445,9,'2011-01-16',-0.16),(2446,9,'2011-01-17',0.47),(2447,9,'2011-01-18',-0.07),(2448,9,'2011-01-19',0.21),(2449,9,'2011-01-20',-0.74),(2450,9,'2011-01-21',0.03),(2451,9,'2011-01-22',0.57),(2452,9,'2011-01-23',-0.17),(2453,9,'2011-01-24',-0.14),(2454,9,'2011-01-25',-0.93),(2455,9,'2011-01-26',-0.60),(2456,9,'2011-01-27',0.17),(2457,9,'2011-01-28',0.33),(2458,9,'2011-01-29',0.15),(2459,9,'2011-01-30',0.52),(2460,9,'2011-01-31',-0.60),(2461,9,'2011-02-01',0.36),(2462,9,'2011-02-02',0.55),(2463,9,'2011-02-03',0.03),(2464,9,'2011-02-04',0.77),(2465,9,'2011-02-05',0.14),(2466,9,'2011-02-06',-0.92),(2467,9,'2011-02-07',-0.65),(2468,9,'2011-02-08',-0.81),(2469,9,'2011-02-09',-0.84),(2470,9,'2011-02-10',-0.72),(2471,9,'2011-02-11',-0.07),(2472,9,'2011-02-12',-0.82),(2473,9,'2011-02-13',-0.67),(2474,9,'2011-02-14',-0.63),(2475,9,'2011-02-15',-0.78),(2476,9,'2011-02-16',0.18),(2477,9,'2011-02-17',0.84),(2478,9,'2011-02-18',0.16),(2479,9,'2011-02-19',-0.62),(2480,9,'2011-02-20',-0.90),(2481,9,'2011-02-21',-0.82),(2482,9,'2011-02-22',0.96),(2483,9,'2011-02-23',-0.06),(2484,9,'2011-02-24',0.05),(2485,9,'2011-02-25',-0.98),(2486,9,'2011-02-26',0.34),(2487,9,'2011-02-27',-0.78),(2488,9,'2011-02-28',0.36),(2489,9,'2011-03-01',-0.51),(2490,9,'2011-03-02',0.74),(2491,9,'2011-03-03',0.76),(2492,9,'2011-03-04',0.86),(2493,9,'2011-03-05',0.29),(2494,9,'2011-03-06',-0.22),(2495,9,'2011-03-07',0.62),(2496,9,'2011-03-08',-0.58),(2497,9,'2011-03-09',-0.13),(2498,9,'2011-03-10',0.98),(2499,9,'2011-03-11',-0.39),(2500,9,'2011-03-12',0.04),(2501,9,'2011-03-13',-0.75),(2502,9,'2011-03-14',0.55),(2503,9,'2011-03-15',0.23),(2504,9,'2011-03-16',-0.41),(2505,9,'2011-03-17',0.92),(2506,9,'2011-03-18',0.46),(2507,9,'2011-03-19',0.77),(2508,9,'2011-03-20',0.75),(2509,9,'2011-03-21',-0.39),(2510,9,'2011-03-22',-0.86),(2511,9,'2011-03-23',0.86),(2512,9,'2011-03-24',-0.20),(2513,9,'2011-03-25',-0.90),(2514,9,'2011-03-26',-0.21),(2515,9,'2011-03-27',0.85),(2516,9,'2011-03-28',-0.88),(2517,9,'2011-03-29',-0.87),(2518,9,'2011-03-30',-0.93),(2519,9,'2011-03-31',0.48),(2520,9,'2011-04-01',-0.37),(2521,9,'2011-04-02',0.82),(2522,9,'2011-04-03',0.24),(2523,9,'2011-04-04',-0.52),(2524,9,'2011-04-05',0.10),(2525,9,'2011-04-06',-0.99),(2526,9,'2011-04-07',-0.90),(2527,9,'2011-04-08',0.52),(2528,9,'2011-04-09',-0.11),(2529,9,'2011-04-10',-0.93),(2530,9,'2011-04-11',-0.88),(2531,9,'2011-04-12',0.93),(2532,9,'2011-04-13',-0.68),(2533,9,'2011-04-14',0.68),(2534,9,'2011-04-15',0.15),(2535,9,'2011-04-16',-0.09),(2536,9,'2011-04-17',0.59),(2537,9,'2011-04-18',-0.39),(2538,9,'2011-04-19',-0.32),(2539,9,'2011-04-20',0.34),(2540,9,'2011-04-21',0.22),(2541,9,'2011-04-22',-0.17),(2542,9,'2011-04-23',0.19),(2543,9,'2011-04-24',-0.98),(2544,9,'2011-04-25',-0.07),(2545,9,'2011-04-26',0.99),(2546,9,'2011-04-27',0.88),(2547,9,'2011-04-28',0.05),(2548,9,'2011-04-29',-0.89),(2549,9,'2011-04-30',0.95),(2550,9,'2011-05-01',-0.47),(2551,9,'2011-05-02',-0.25),(2552,9,'2011-05-03',0.76),(2553,9,'2011-05-04',0.77),(2554,9,'2011-05-05',0.23),(2555,9,'2011-05-06',-0.14),(2556,9,'2011-05-07',0.79),(2557,9,'2011-05-08',0.33),(2558,9,'2011-05-09',-0.63),(2559,9,'2011-05-10',-0.33),(2560,9,'2011-05-11',0.41),(2561,9,'2011-05-12',-0.50),(2562,9,'2011-05-13',-0.40),(2563,9,'2011-05-14',0.74),(2564,9,'2011-05-15',-0.83),(2565,9,'2011-05-16',0.76),(2566,9,'2011-05-17',-0.35),(2567,9,'2011-05-18',0.77),(2568,9,'2011-05-19',-0.64),(2569,9,'2011-05-20',0.33),(2570,9,'2011-05-21',0.11),(2571,9,'2011-05-22',0.59),(2572,9,'2011-05-23',-0.85),(2573,9,'2011-05-24',-0.70),(2574,9,'2011-05-25',0.61),(2575,9,'2011-05-26',0.08),(2576,9,'2011-05-27',-0.72),(2577,9,'2011-05-28',0.48),(2578,9,'2011-05-29',-0.87),(2579,9,'2011-05-30',-0.60),(2580,9,'2011-05-31',0.43),(2581,9,'2011-06-01',-0.33),(2582,9,'2011-06-02',0.15),(2583,9,'2011-06-03',0.19),(2584,9,'2011-06-04',-0.57),(2585,9,'2011-06-05',-0.62),(2586,9,'2011-06-06',-0.96),(2587,9,'2011-06-07',-0.79),(2588,9,'2011-06-08',0.72),(2589,9,'2011-06-09',-0.59),(2590,9,'2011-06-10',-0.11),(2591,9,'2011-06-11',0.12),(2592,9,'2011-06-12',-0.08),(2593,9,'2011-06-13',0.49),(2594,9,'2011-06-14',-0.15),(2595,9,'2011-06-15',0.10),(2596,9,'2011-06-16',0.24),(2597,9,'2011-06-17',0.50),(2598,9,'2011-06-18',-0.13),(2599,9,'2011-06-19',0.60),(2600,9,'2011-06-20',-0.18),(2601,9,'2011-06-21',0.98),(2602,9,'2011-06-22',0.18),(2603,9,'2011-06-23',-0.02),(2604,9,'2011-06-24',-0.72),(2605,9,'2011-06-25',-0.21),(2606,9,'2011-06-26',-0.95),(2607,9,'2011-06-27',-0.44),(2608,9,'2011-06-28',-0.74),(2609,9,'2011-06-29',-0.81),(2610,9,'2011-06-30',-0.03),(2611,9,'2011-07-01',0.70),(2612,9,'2011-07-02',-0.14),(2613,9,'2011-07-03',-0.88),(2614,9,'2011-07-04',-0.12),(2615,9,'2011-07-05',0.29),(2616,9,'2011-07-06',-0.50),(2617,9,'2011-07-07',-0.08),(2618,9,'2011-07-08',0.51),(2619,9,'2011-07-09',-0.79),(2620,9,'2011-07-10',0.34),(2621,9,'2011-07-11',-0.61),(2622,9,'2011-07-12',0.34),(2623,9,'2011-07-13',-0.74),(2624,9,'2011-07-14',0.88),(2625,9,'2011-07-15',-0.82),(2626,9,'2011-07-16',0.36),(2627,9,'2011-07-17',0.12),(2628,9,'2011-07-18',0.68),(2629,9,'2011-07-19',-0.78),(2630,9,'2011-07-20',-0.29),(2631,9,'2011-07-21',-0.50),(2632,9,'2011-07-22',-0.80),(2633,9,'2011-07-23',0.89),(2634,9,'2011-07-24',0.48),(2635,9,'2011-07-25',-0.52),(2636,9,'2011-07-26',-0.33),(2637,9,'2011-07-27',0.54),(2638,9,'2011-07-28',0.05),(2639,9,'2011-07-29',-0.06),(2640,9,'2011-07-30',0.73),(2641,9,'2011-07-31',-0.99),(2642,9,'2011-08-01',-0.36),(2643,9,'2011-08-02',-0.41),(2644,9,'2011-08-03',-0.87),(2645,9,'2011-08-04',0.52),(2646,9,'2011-08-05',0.89),(2647,9,'2011-08-06',-0.36),(2648,9,'2011-08-07',-0.56),(2649,9,'2011-08-08',0.39),(2650,9,'2011-08-09',-0.14),(2651,9,'2011-08-10',0.78),(2652,9,'2011-08-11',0.79),(2653,9,'2011-08-12',-0.81),(2654,9,'2011-08-13',-0.97),(2655,9,'2011-08-14',0.67),(2656,9,'2011-08-15',-0.63),(2657,9,'2011-08-16',0.40),(2658,9,'2011-08-17',-0.22),(2659,9,'2011-08-18',-0.95),(2660,9,'2011-08-19',0.62),(2661,9,'2011-08-20',0.49),(2662,9,'2011-08-21',-0.45),(2663,9,'2011-08-22',0.83),(2664,9,'2011-08-23',0.38),(2665,9,'2011-08-24',-0.98),(2666,9,'2011-08-25',-0.70),(2667,9,'2011-08-26',-0.95),(2668,9,'2011-08-27',0.57),(2669,9,'2011-08-28',0.35),(2670,9,'2011-08-29',0.00),(2671,9,'2011-08-30',0.29),(2672,9,'2011-08-31',0.37),(2673,9,'2011-09-01',0.64),(2674,9,'2011-09-02',0.89),(2675,9,'2011-09-03',0.51),(2676,9,'2011-09-04',0.16),(2677,9,'2011-09-05',0.77),(2678,9,'2011-09-06',-0.85),(2679,9,'2011-09-07',0.60),(2680,9,'2011-09-08',0.15),(2681,9,'2011-09-09',0.01),(2682,9,'2011-09-10',0.38),(2683,9,'2011-09-11',-0.06),(2684,9,'2011-09-12',0.20),(2685,9,'2011-09-13',0.41),(2686,9,'2011-09-14',-0.40),(2687,9,'2011-09-15',0.58),(2688,9,'2011-09-16',-0.19),(2689,9,'2011-09-17',0.38),(2690,9,'2011-09-18',0.63),(2691,9,'2011-09-19',-0.57),(2692,9,'2011-09-20',-0.13),(2693,9,'2011-09-21',-0.82),(2694,9,'2011-09-22',-0.75),(2695,9,'2011-09-23',-0.75),(2696,9,'2011-09-24',-0.79),(2697,9,'2011-09-25',-0.44),(2698,9,'2011-09-26',-0.70),(2699,9,'2011-09-27',0.78),(2700,9,'2011-09-28',0.92),(2701,9,'2011-09-29',0.31),(2702,9,'2011-09-30',0.07),(2703,9,'2011-10-01',0.28),(2704,9,'2011-10-02',-0.05),(2705,9,'2011-10-03',-0.05),(2706,9,'2011-10-04',-0.21),(2707,9,'2011-10-05',-0.90),(2708,9,'2011-10-06',-0.29),(2709,9,'2011-10-07',-0.06),(2710,9,'2011-10-08',0.70),(2711,9,'2011-10-09',0.87),(2712,9,'2011-10-10',0.95),(2713,9,'2011-10-11',0.07),(2714,9,'2011-10-12',-0.20),(2715,9,'2011-10-13',0.15),(2716,9,'2011-10-14',-0.52),(2717,9,'2011-10-15',0.41),(2718,9,'2011-10-16',-0.27),(2719,9,'2011-10-17',0.29),(2720,9,'2011-10-18',-0.22),(2721,9,'2011-10-19',-0.64),(2722,9,'2011-10-20',0.72),(2723,9,'2011-10-21',0.66),(2724,9,'2011-10-22',-0.46),(2725,9,'2011-10-23',0.98),(2726,9,'2011-10-24',0.91),(2727,9,'2011-10-25',-0.25),(2728,9,'2011-10-26',-0.47),(2729,9,'2011-10-27',-0.79),(2730,9,'2011-10-28',-0.47),(2731,9,'2011-10-29',-0.56),(2732,9,'2011-10-30',0.53),(2733,9,'2011-10-31',0.60),(2734,9,'2011-11-01',0.73),(2735,9,'2011-11-02',-0.53),(2736,9,'2011-11-03',-0.45),(2737,9,'2011-11-04',-0.49),(2738,9,'2011-11-05',-0.43),(2739,9,'2011-11-06',0.27),(2740,9,'2011-11-07',0.46),(2741,9,'2011-11-08',-0.74),(2742,9,'2011-11-09',0.13),(2743,9,'2011-11-10',0.41),(2744,9,'2011-11-11',0.34),(2745,9,'2011-11-12',0.94),(2746,9,'2011-11-13',-0.45),(2747,9,'2011-11-14',0.83),(2748,9,'2011-11-15',0.34),(2749,9,'2011-11-16',0.29),(2750,9,'2011-11-17',0.11),(2751,9,'2011-11-18',-0.88),(2752,9,'2011-11-19',0.65),(2753,9,'2011-11-20',-0.17),(2754,9,'2011-11-21',0.78),(2755,9,'2011-11-22',-0.82),(2756,9,'2011-11-23',-0.19),(2757,9,'2011-11-24',0.69),(2758,9,'2011-11-25',-0.06),(2759,9,'2011-11-26',0.34),(2760,9,'2011-11-27',0.91),(2761,9,'2011-11-28',0.47),(2762,9,'2011-11-29',0.79),(2763,9,'2011-11-30',0.43),(2764,9,'2011-12-01',0.07),(2765,9,'2011-12-02',0.51),(2766,9,'2011-12-03',0.90),(2767,9,'2011-12-04',0.63),(2768,9,'2011-12-05',-0.98),(2769,9,'2011-12-06',-0.53),(2770,9,'2011-12-07',-0.11),(2771,9,'2011-12-08',0.48),(2772,9,'2011-12-09',-0.26),(2773,9,'2011-12-10',-0.99),(2774,9,'2011-12-11',-0.12),(2775,9,'2011-12-12',-0.93),(2776,9,'2011-12-13',0.95),(2777,9,'2011-12-14',0.43),(2778,9,'2011-12-15',0.90),(2779,9,'2011-12-16',0.29),(2780,9,'2011-12-17',-0.29),(2781,9,'2011-12-18',0.01),(2782,9,'2011-12-19',0.41),(2783,9,'2011-12-20',-0.64),(2784,9,'2011-12-21',0.85),(2785,9,'2011-12-22',0.19),(2786,9,'2011-12-23',-0.46),(2787,9,'2011-12-24',-0.35),(2788,9,'2011-12-25',-0.12),(2789,9,'2011-12-26',0.49),(2790,9,'2011-12-27',1.00),(2791,9,'2011-12-28',-0.22),(2792,9,'2011-12-29',-0.05),(2793,9,'2011-12-30',0.78),(2794,9,'2011-12-31',-0.79),(2795,9,'2012-01-01',-0.98),(2796,9,'2012-01-02',0.29),(2797,9,'2012-01-03',-0.90),(2798,9,'2012-01-04',0.65),(2799,9,'2012-01-05',0.31),(2800,9,'2012-01-06',-0.43),(2801,9,'2012-01-07',-0.47),(2802,9,'2012-01-08',-0.22),(2803,9,'2012-01-09',0.32),(2804,9,'2012-01-10',-0.45),(2805,9,'2012-01-11',0.66),(2806,9,'2012-01-12',0.39),(2807,9,'2012-01-13',-0.50),(2808,9,'2012-01-14',0.09),(2809,9,'2012-01-15',0.29),(2810,9,'2012-01-16',0.79),(2811,9,'2012-01-17',0.81),(2812,9,'2012-01-18',-0.70),(2813,9,'2012-01-19',0.19),(2814,9,'2012-01-20',-0.84),(2815,9,'2012-01-21',-0.86),(2816,9,'2012-01-22',-0.62),(2817,9,'2012-01-23',-0.29),(2818,9,'2012-01-24',-0.20),(2819,9,'2012-01-25',0.26),(2820,9,'2012-01-26',-0.81),(2821,9,'2012-01-27',-0.20),(2822,9,'2012-01-28',-0.96),(2823,9,'2012-01-29',0.15),(2824,9,'2012-01-30',-0.42),(2825,9,'2012-01-31',-0.75),(2826,9,'2012-02-01',0.17),(2827,9,'2012-02-02',0.87),(2828,9,'2012-02-03',-0.64),(2829,9,'2012-02-04',-0.19),(2830,1,'2011-01-02',0.72),(2831,1,'2011-01-03',1.00),(2832,1,'2011-01-04',-0.96),(2833,1,'2011-01-05',0.68),(2834,1,'2011-01-06',0.65),(2835,1,'2011-01-07',-0.12),(2836,1,'2011-01-08',-0.14),(2837,1,'2011-01-09',-0.30),(2838,1,'2011-01-10',0.03),(2839,1,'2011-01-11',0.64),(2840,1,'2011-01-12',-0.25),(2841,1,'2011-01-13',0.32),(2842,1,'2011-01-14',-0.84),(2843,1,'2011-01-15',0.24),(2844,1,'2011-01-16',-0.59),(2845,1,'2011-01-17',0.55),(2846,1,'2011-01-18',-0.62),(2847,1,'2011-01-19',-0.53),(2848,1,'2011-01-20',-0.90),(2849,1,'2011-01-21',0.03),(2850,1,'2011-01-22',0.19),(2851,1,'2011-01-23',0.68),(2852,1,'2011-01-24',0.25),(2853,1,'2011-01-25',-0.22),(2854,1,'2011-01-26',-0.29),(2855,1,'2011-01-27',-0.31),(2856,1,'2011-01-28',-0.41),(2857,1,'2011-01-29',-0.50),(2858,1,'2011-01-30',0.21),(2859,1,'2011-01-31',0.51),(2860,1,'2011-02-01',0.89),(2861,1,'2011-02-02',-0.07),(2862,1,'2011-02-03',0.50),(2863,1,'2011-02-04',0.93),(2864,1,'2011-02-05',-0.40),(2865,1,'2011-02-06',0.15),(2866,1,'2011-02-07',-0.19),(2867,1,'2011-02-08',0.47),(2868,1,'2011-02-09',0.85),(2869,1,'2011-02-10',0.85),(2870,1,'2011-02-11',0.10),(2871,1,'2011-02-12',-0.41),(2872,1,'2011-02-13',0.17),(2873,1,'2011-02-14',0.27),(2874,1,'2011-02-15',0.84),(2875,1,'2011-02-16',0.59),(2876,1,'2011-02-17',-0.19),(2877,1,'2011-02-18',-0.79),(2878,1,'2011-02-19',-0.95),(2879,1,'2011-02-20',-0.09),(2880,1,'2011-02-21',0.25),(2881,1,'2011-02-22',0.25),(2882,1,'2011-02-23',-0.41),(2883,1,'2011-02-24',-0.51),(2884,1,'2011-02-25',-0.98),(2885,1,'2011-02-26',0.30),(2886,1,'2011-02-27',0.19),(2887,1,'2011-02-28',-0.38),(2888,1,'2011-03-01',0.81),(2889,1,'2011-03-02',-0.60),(2890,1,'2011-03-03',-0.88),(2891,1,'2011-03-04',0.69),(2892,1,'2011-03-05',0.33),(2893,1,'2011-03-06',0.63),(2894,1,'2011-03-07',0.62),(2895,1,'2011-03-08',0.94),(2896,1,'2011-03-09',-0.23),(2897,1,'2011-03-10',-0.57),(2898,1,'2011-03-11',0.41),(2899,1,'2011-03-12',-0.38),(2900,1,'2011-03-13',-0.73),(2901,1,'2011-03-14',-0.50),(2902,1,'2011-03-15',0.22),(2903,1,'2011-03-16',0.44),(2904,1,'2011-03-17',0.78),(2905,1,'2011-03-18',0.05),(2906,1,'2011-03-19',0.02),(2907,1,'2011-03-20',-0.42),(2908,1,'2011-03-21',0.27),(2909,1,'2011-03-22',0.08),(2910,1,'2011-03-23',0.50),(2911,1,'2011-03-24',-0.49),(2912,1,'2011-03-25',-0.68),(2913,1,'2011-03-26',-0.92),(2914,1,'2011-03-27',0.01),(2915,1,'2011-03-28',-0.65),(2916,1,'2011-03-29',0.39),(2917,1,'2011-03-30',-0.81),(2918,1,'2011-03-31',-0.03),(2919,1,'2011-04-01',0.19),(2920,1,'2011-04-02',-0.41),(2921,1,'2011-04-03',0.10),(2922,1,'2011-04-04',-0.12),(2923,1,'2011-04-05',0.93),(2924,1,'2011-04-06',-0.27),(2925,1,'2011-04-07',-0.50),(2926,1,'2011-04-08',0.87),(2927,1,'2011-04-09',0.50),(2928,1,'2011-04-10',-0.07),(2929,1,'2011-04-11',0.27),(2930,1,'2011-04-12',-0.88),(2931,1,'2011-04-13',0.21),(2932,1,'2011-04-14',0.78),(2933,1,'2011-04-15',0.34),(2934,1,'2011-04-16',-0.35),(2935,1,'2011-04-17',0.55),(2936,1,'2011-04-18',-0.61),(2937,1,'2011-04-19',0.68),(2938,1,'2011-04-20',-0.88),(2939,1,'2011-04-21',0.66),(2940,1,'2011-04-22',-0.25),(2941,1,'2011-04-23',0.63),(2942,1,'2011-04-24',-0.83),(2943,1,'2011-04-25',0.08),(2944,1,'2011-04-26',0.71),(2945,1,'2011-04-27',0.18),(2946,1,'2011-04-28',0.43),(2947,1,'2011-04-29',0.10),(2948,1,'2011-04-30',0.37),(2949,1,'2011-05-01',-0.60),(2950,1,'2011-05-02',-0.72),(2951,1,'2011-05-03',0.97),(2952,1,'2011-05-04',0.51),(2953,1,'2011-05-05',0.17),(2954,1,'2011-05-06',0.90),(2955,1,'2011-05-07',-0.77),(2956,1,'2011-05-08',0.67),(2957,1,'2011-05-09',0.76),(2958,1,'2011-05-10',0.74),(2959,1,'2011-05-11',-0.40),(2960,1,'2011-05-12',0.02),(2961,1,'2011-05-13',0.86),(2962,1,'2011-05-14',0.82),(2963,1,'2011-05-15',-0.20),(2964,1,'2011-05-16',0.20),(2965,1,'2011-05-17',-0.54),(2966,1,'2011-05-18',-0.66),(2967,1,'2011-05-19',0.60),(2968,1,'2011-05-20',-0.87),(2969,1,'2011-05-21',-0.53),(2970,1,'2011-05-22',0.26),(2971,1,'2011-05-23',-0.11),(2972,1,'2011-05-24',-0.90),(2973,1,'2011-05-25',0.43),(2974,1,'2011-05-26',0.97),(2975,1,'2011-05-27',0.81),(2976,1,'2011-05-28',-0.40),(2977,1,'2011-05-29',0.40),(2978,1,'2011-05-30',-0.10),(2979,1,'2011-05-31',0.98),(2980,1,'2011-06-01',0.80),(2981,1,'2011-06-02',0.19),(2982,1,'2011-06-03',0.95),(2983,1,'2011-06-04',0.31),(2984,1,'2011-06-05',-0.64),(2985,1,'2011-06-06',0.84),(2986,1,'2011-06-07',0.54),(2987,1,'2011-06-08',-0.98),(2988,1,'2011-06-09',0.60),(2989,1,'2011-06-10',0.27),(2990,1,'2011-06-11',-0.37),(2991,1,'2011-06-12',-0.38),(2992,1,'2011-06-13',0.12),(2993,1,'2011-06-14',-0.56),(2994,1,'2011-06-15',0.42),(2995,1,'2011-06-16',-0.68),(2996,1,'2011-06-17',-0.09),(2997,1,'2011-06-18',0.77),(2998,1,'2011-06-19',0.92),(2999,1,'2011-06-20',0.05),(3000,1,'2011-06-21',-0.76),(3001,1,'2011-06-22',0.17),(3002,1,'2011-06-23',0.94),(3003,1,'2011-06-24',-0.66),(3004,1,'2011-06-25',-0.41),(3005,1,'2011-06-26',0.91),(3006,1,'2011-06-27',-0.85),(3007,1,'2011-06-28',0.20),(3008,1,'2011-06-29',0.30),(3009,1,'2011-06-30',0.06),(3010,1,'2011-07-01',0.18),(3011,1,'2011-07-02',0.10),(3012,1,'2011-07-03',-0.75),(3013,1,'2011-07-04',0.13),(3014,1,'2011-07-05',-0.60),(3015,1,'2011-07-06',-0.39),(3016,1,'2011-07-07',-0.04),(3017,1,'2011-07-08',0.94),(3018,1,'2011-07-09',-0.36),(3019,1,'2011-07-10',-0.44),(3020,1,'2011-07-11',0.21),(3021,1,'2011-07-12',0.27),(3022,1,'2011-07-13',0.18),(3023,1,'2011-07-14',-0.68),(3024,1,'2011-07-15',0.72),(3025,1,'2011-07-16',-0.40),(3026,1,'2011-07-17',-0.36),(3027,1,'2011-07-18',-0.38),(3028,1,'2011-07-19',-0.63),(3029,1,'2011-07-20',-0.44),(3030,1,'2011-07-21',0.67),(3031,1,'2011-07-22',-0.38),(3032,1,'2011-07-23',0.73),(3033,1,'2011-07-24',0.61),(3034,1,'2011-07-25',-0.04),(3035,1,'2011-07-26',-0.68),(3036,1,'2011-07-27',0.51),(3037,1,'2011-07-28',0.12),(3038,1,'2011-07-29',0.52),(3039,1,'2011-07-30',-0.19),(3040,1,'2011-07-31',-0.82),(3041,1,'2011-08-01',-0.30),(3042,1,'2011-08-02',0.91),(3043,1,'2011-08-03',-0.57),(3044,1,'2011-08-04',0.83),(3045,1,'2011-08-05',-0.69),(3046,1,'2011-08-06',0.05),(3047,1,'2011-08-07',-0.21),(3048,1,'2011-08-08',-0.75),(3049,1,'2011-08-09',0.69),(3050,1,'2011-08-10',0.35),(3051,1,'2011-08-11',0.46),(3052,1,'2011-08-12',-0.05),(3053,1,'2011-08-13',-0.47),(3054,1,'2011-08-14',0.79),(3055,1,'2011-08-15',-0.33),(3056,1,'2011-08-16',0.14),(3057,1,'2011-08-17',-0.57),(3058,1,'2011-08-18',0.29),(3059,1,'2011-08-19',0.51),(3060,1,'2011-08-20',-0.01),(3061,1,'2011-08-21',-0.05),(3062,1,'2011-08-22',-0.88),(3063,1,'2011-08-23',-0.29),(3064,1,'2011-08-24',-0.44),(3065,1,'2011-08-25',0.09),(3066,1,'2011-08-26',0.04),(3067,1,'2011-08-27',-0.94),(3068,1,'2011-08-28',-0.79),(3069,1,'2011-08-29',-0.44),(3070,1,'2011-08-30',-0.13),(3071,1,'2011-08-31',-0.60),(3072,1,'2011-09-01',0.26),(3073,1,'2011-09-02',-0.22),(3074,1,'2011-09-03',-0.17),(3075,1,'2011-09-04',0.09),(3076,1,'2011-09-05',0.09),(3077,1,'2011-09-06',0.89),(3078,1,'2011-09-07',0.88),(3079,1,'2011-09-08',0.35),(3080,1,'2011-09-09',0.57),(3081,1,'2011-09-10',0.23),(3082,1,'2011-09-11',-0.20),(3083,1,'2011-09-12',-0.48),(3084,1,'2011-09-13',0.77),(3085,1,'2011-09-14',-0.42),(3086,1,'2011-09-15',0.19),(3087,1,'2011-09-16',-0.10),(3088,1,'2011-09-17',0.01),(3089,1,'2011-09-18',-0.53),(3090,1,'2011-09-19',-0.59),(3091,1,'2011-09-20',-1.00),(3092,1,'2011-09-21',0.43),(3093,1,'2011-09-22',-0.47),(3094,1,'2011-09-23',-0.29),(3095,1,'2011-09-24',0.99),(3096,1,'2011-09-25',0.63),(3097,1,'2011-09-26',0.75),(3098,1,'2011-09-27',-0.95),(3099,1,'2011-09-28',0.85),(3100,1,'2011-09-29',-0.70),(3101,1,'2011-09-30',-0.08),(3102,1,'2011-10-01',-0.76),(3103,1,'2011-10-02',0.57),(3104,1,'2011-10-03',0.71),(3105,1,'2011-10-04',0.08),(3106,1,'2011-10-05',-0.35),(3107,1,'2011-10-06',-0.21),(3108,1,'2011-10-07',-0.04),(3109,1,'2011-10-08',-0.47),(3110,1,'2011-10-09',-0.86),(3111,1,'2011-10-10',-0.48),(3112,1,'2011-10-11',0.76),(3113,1,'2011-10-12',-0.06),(3114,1,'2011-10-13',0.05),(3115,1,'2011-10-14',0.53),(3116,1,'2011-10-15',0.53),(3117,1,'2011-10-16',-0.77),(3118,1,'2011-10-17',-0.58),(3119,1,'2011-10-18',-0.46),(3120,1,'2011-10-19',-0.29),(3121,1,'2011-10-20',-0.16),(3122,1,'2011-10-21',-0.46),(3123,1,'2011-10-22',-0.86),(3124,1,'2011-10-23',0.38),(3125,1,'2011-10-24',0.26),(3126,1,'2011-10-25',-0.88),(3127,1,'2011-10-26',0.00),(3128,1,'2011-10-27',0.01),(3129,1,'2011-10-28',-0.83),(3130,1,'2011-10-29',-0.16),(3131,1,'2011-10-30',0.32),(3132,1,'2011-10-31',0.10),(3133,1,'2011-11-01',0.09),(3134,1,'2011-11-02',-0.12),(3135,1,'2011-11-03',-0.20),(3136,1,'2011-11-04',-0.84),(3137,1,'2011-11-05',0.54),(3138,1,'2011-11-06',0.60),(3139,1,'2011-11-07',0.12),(3140,1,'2011-11-08',-0.94),(3141,1,'2011-11-09',0.74),(3142,1,'2011-11-10',0.65),(3143,1,'2011-11-11',0.83),(3144,1,'2011-11-12',-0.32),(3145,1,'2011-11-13',-0.31),(3146,1,'2011-11-14',0.35),(3147,1,'2011-11-15',-0.80),(3148,1,'2011-11-16',-0.07),(3149,1,'2011-11-17',0.78),(3150,1,'2011-11-18',-0.25),(3151,1,'2011-11-19',0.64),(3152,1,'2011-11-20',-0.39),(3153,1,'2011-11-21',0.29),(3154,1,'2011-11-22',0.78),(3155,1,'2011-11-23',0.99),(3156,1,'2011-11-24',-0.45),(3157,1,'2011-11-25',0.91),(3158,1,'2011-11-26',-0.01),(3159,1,'2011-11-27',0.56),(3160,1,'2011-11-28',-0.92),(3161,1,'2011-11-29',0.84),(3162,1,'2011-11-30',-0.12),(3163,1,'2011-12-01',0.18),(3164,1,'2011-12-02',-0.08),(3165,1,'2011-12-03',0.76),(3166,1,'2011-12-04',0.98),(3167,1,'2011-12-05',0.09),(3168,1,'2011-12-06',0.30),(3169,1,'2011-12-07',0.58),(3170,1,'2011-12-08',-0.80),(3171,1,'2011-12-09',0.37),(3172,1,'2011-12-10',0.31),(3173,1,'2011-12-11',0.86),(3174,1,'2011-12-12',0.19),(3175,1,'2011-12-13',1.00),(3176,1,'2011-12-14',-0.46),(3177,1,'2011-12-15',-0.46),(3178,1,'2011-12-16',-0.80),(3179,1,'2011-12-17',0.47),(3180,1,'2011-12-18',-0.68),(3181,1,'2011-12-19',-0.05),(3182,1,'2011-12-20',0.11),(3183,1,'2011-12-21',-0.07),(3184,1,'2011-12-22',-0.76),(3185,1,'2011-12-23',-0.11),(3186,1,'2011-12-24',-0.08),(3187,1,'2011-12-25',-0.21),(3188,1,'2011-12-26',-0.21),(3189,1,'2011-12-27',0.92),(3190,1,'2011-12-28',-0.65),(3191,1,'2011-12-29',-0.13),(3192,1,'2011-12-30',0.75),(3193,1,'2011-12-31',0.23),(3194,1,'2012-01-01',-0.96),(3195,1,'2012-01-02',-0.33),(3196,1,'2012-01-03',-0.01),(3197,1,'2012-01-04',-0.98),(3198,1,'2012-01-05',0.76),(3199,1,'2012-01-06',-0.72),(3200,1,'2012-01-07',0.61),(3201,1,'2012-01-08',0.97),(3202,1,'2012-01-09',0.65),(3203,1,'2012-01-10',-0.08),(3204,1,'2012-01-11',0.82),(3205,1,'2012-01-12',-0.16),(3206,1,'2012-01-13',-0.09),(3207,1,'2012-01-14',-0.64),(3208,1,'2012-01-15',0.38),(3209,1,'2012-01-16',0.11),(3210,1,'2012-01-17',0.84),(3211,1,'2012-01-18',0.71),(3212,1,'2012-01-19',-0.94),(3213,1,'2012-01-20',-0.06),(3214,1,'2012-01-21',-0.36),(3215,1,'2012-01-22',-0.70),(3216,1,'2012-01-23',0.83),(3217,1,'2012-01-24',0.56),(3218,1,'2012-01-25',0.10),(3219,1,'2012-01-26',-0.38),(3220,1,'2012-01-27',0.47),(3221,1,'2012-01-28',0.45),(3222,1,'2012-01-29',0.49),(3223,1,'2012-01-30',0.22),(3224,1,'2012-01-31',-0.32),(3225,1,'2012-02-01',0.54),(3226,1,'2012-02-02',0.89),(3227,1,'2012-02-03',0.67),(3228,1,'2012-02-04',0.56),(3229,2,'2011-01-02',-0.88),(3230,2,'2011-01-03',0.95),(3231,2,'2011-01-04',-0.59),(3232,2,'2011-01-05',0.52),(3233,2,'2011-01-06',-0.20),(3234,2,'2011-01-07',-0.09),(3235,2,'2011-01-08',0.44),(3236,2,'2011-01-09',-0.69),(3237,2,'2011-01-10',0.78),(3238,2,'2011-01-11',0.99),(3239,2,'2011-01-12',0.09),(3240,2,'2011-01-13',0.08),(3241,2,'2011-01-14',-0.96),(3242,2,'2011-01-15',-0.42),(3243,2,'2011-01-16',-0.25),(3244,2,'2011-01-17',0.03),(3245,2,'2011-01-18',0.99),(3246,2,'2011-01-19',-0.46),(3247,2,'2011-01-20',-0.79),(3248,2,'2011-01-21',-0.65),(3249,2,'2011-01-22',0.47),(3250,2,'2011-01-23',-0.82),(3251,2,'2011-01-24',0.94),(3252,2,'2011-01-25',0.14),(3253,2,'2011-01-26',-0.59),(3254,2,'2011-01-27',0.06),(3255,2,'2011-01-28',-0.76),(3256,2,'2011-01-29',0.89),(3257,2,'2011-01-30',0.06),(3258,2,'2011-01-31',-0.66),(3259,2,'2011-02-01',0.82),(3260,2,'2011-02-02',0.18),(3261,2,'2011-02-03',-0.71),(3262,2,'2011-02-04',-0.77),(3263,2,'2011-02-05',-0.31),(3264,2,'2011-02-06',0.09),(3265,2,'2011-02-07',0.14),(3266,2,'2011-02-08',-0.87),(3267,2,'2011-02-09',0.41),(3268,2,'2011-02-10',-0.09),(3269,2,'2011-02-11',-0.88),(3270,2,'2011-02-12',-0.51),(3271,2,'2011-02-13',0.99),(3272,2,'2011-02-14',-0.84),(3273,2,'2011-02-15',0.07),(3274,2,'2011-02-16',-0.26),(3275,2,'2011-02-17',0.20),(3276,2,'2011-02-18',0.06),(3277,2,'2011-02-19',0.28),(3278,2,'2011-02-20',0.41),(3279,2,'2011-02-21',0.41),(3280,2,'2011-02-22',-0.25),(3281,2,'2011-02-23',0.60),(3282,2,'2011-02-24',0.34),(3283,2,'2011-02-25',0.89),(3284,2,'2011-02-26',-0.99),(3285,2,'2011-02-27',-0.60),(3286,2,'2011-02-28',-0.87),(3287,2,'2011-03-01',0.91),(3288,2,'2011-03-02',0.46),(3289,2,'2011-03-03',-0.53),(3290,2,'2011-03-04',0.72),(3291,2,'2011-03-05',-0.36),(3292,2,'2011-03-06',-0.24),(3293,2,'2011-03-07',0.95),(3294,2,'2011-03-08',0.34),(3295,2,'2011-03-09',0.86),(3296,2,'2011-03-10',0.09),(3297,2,'2011-03-11',0.48),(3298,2,'2011-03-12',0.27),(3299,2,'2011-03-13',-1.00),(3300,2,'2011-03-14',0.60),(3301,2,'2011-03-15',0.77),(3302,2,'2011-03-16',1.00),(3303,2,'2011-03-17',0.77),(3304,2,'2011-03-18',-0.16),(3305,2,'2011-03-19',-0.27),(3306,2,'2011-03-20',-0.04),(3307,2,'2011-03-21',0.90),(3308,2,'2011-03-22',-0.99),(3309,2,'2011-03-23',-0.63),(3310,2,'2011-03-24',0.30),(3311,2,'2011-03-25',-0.24),(3312,2,'2011-03-26',0.97),(3313,2,'2011-03-27',-0.37),(3314,2,'2011-03-28',-0.35),(3315,2,'2011-03-29',0.99),(3316,2,'2011-03-30',0.04),(3317,2,'2011-03-31',-0.22),(3318,2,'2011-04-01',0.89),(3319,2,'2011-04-02',-0.51),(3320,2,'2011-04-03',0.25),(3321,2,'2011-04-04',0.60),(3322,2,'2011-04-05',0.13),(3323,2,'2011-04-06',-0.99),(3324,2,'2011-04-07',0.55),(3325,2,'2011-04-08',-0.53),(3326,2,'2011-04-09',0.88),(3327,2,'2011-04-10',-0.36),(3328,2,'2011-04-11',0.95),(3329,2,'2011-04-12',0.14),(3330,2,'2011-04-13',-0.36),(3331,2,'2011-04-14',0.54),(3332,2,'2011-04-15',-0.10),(3333,2,'2011-04-16',-0.37),(3334,2,'2011-04-17',0.31),(3335,2,'2011-04-18',0.74),(3336,2,'2011-04-19',0.37),(3337,2,'2011-04-20',-0.74),(3338,2,'2011-04-21',0.63),(3339,2,'2011-04-22',0.38),(3340,2,'2011-04-23',-0.36),(3341,2,'2011-04-24',-0.07),(3342,2,'2011-04-25',-0.87),(3343,2,'2011-04-26',-0.40),(3344,2,'2011-04-27',0.57),(3345,2,'2011-04-28',-0.21),(3346,2,'2011-04-29',-0.42),(3347,2,'2011-04-30',-0.40),(3348,2,'2011-05-01',0.57),(3349,2,'2011-05-02',-0.53),(3350,2,'2011-05-03',0.09),(3351,2,'2011-05-04',-0.18),(3352,2,'2011-05-05',-0.93),(3353,2,'2011-05-06',-0.78),(3354,2,'2011-05-07',-0.16),(3355,2,'2011-05-08',0.63),(3356,2,'2011-05-09',-0.31),(3357,2,'2011-05-10',-0.29),(3358,2,'2011-05-11',-0.74),(3359,2,'2011-05-12',-0.36),(3360,2,'2011-05-13',0.86),(3361,2,'2011-05-14',-0.10),(3362,2,'2011-05-15',-0.83),(3363,2,'2011-05-16',-0.25),(3364,2,'2011-05-17',0.54),(3365,2,'2011-05-18',0.49),(3366,2,'2011-05-19',-0.51),(3367,2,'2011-05-20',-0.09),(3368,2,'2011-05-21',0.75),(3369,2,'2011-05-22',-0.88),(3370,2,'2011-05-23',-0.72),(3371,2,'2011-05-24',-0.62),(3372,2,'2011-05-25',0.05),(3373,2,'2011-05-26',-0.58),(3374,2,'2011-05-27',-0.01),(3375,2,'2011-05-28',-0.39),(3376,2,'2011-05-29',0.21),(3377,2,'2011-05-30',0.58),(3378,2,'2011-05-31',0.22),(3379,2,'2011-06-01',-0.22),(3380,2,'2011-06-02',-0.96),(3381,2,'2011-06-03',-0.70),(3382,2,'2011-06-04',0.60),(3383,2,'2011-06-05',-0.88),(3384,2,'2011-06-06',-0.47),(3385,2,'2011-06-07',-0.57),(3386,2,'2011-06-08',0.75),(3387,2,'2011-06-09',0.23),(3388,2,'2011-06-10',0.15),(3389,2,'2011-06-11',-1.00),(3390,2,'2011-06-12',0.87),(3391,2,'2011-06-13',0.00),(3392,2,'2011-06-14',-0.09),(3393,2,'2011-06-15',-0.96),(3394,2,'2011-06-16',0.75),(3395,2,'2011-06-17',-0.55),(3396,2,'2011-06-18',0.53),(3397,2,'2011-06-19',-0.76),(3398,2,'2011-06-20',0.36),(3399,2,'2011-06-21',0.28),(3400,2,'2011-06-22',-0.64),(3401,2,'2011-06-23',0.65),(3402,2,'2011-06-24',0.67),(3403,2,'2011-06-25',0.41),(3404,2,'2011-06-26',-0.93),(3405,2,'2011-06-27',-0.35),(3406,2,'2011-06-28',-0.98),(3407,2,'2011-06-29',0.29),(3408,2,'2011-06-30',-0.77),(3409,2,'2011-07-01',0.24),(3410,2,'2011-07-02',-0.94),(3411,2,'2011-07-03',-0.72),(3412,2,'2011-07-04',0.55),(3413,2,'2011-07-05',0.67),(3414,2,'2011-07-06',-0.60),(3415,2,'2011-07-07',-0.92),(3416,2,'2011-07-08',-0.91),(3417,2,'2011-07-09',-0.86),(3418,2,'2011-07-10',0.31),(3419,2,'2011-07-11',0.24),(3420,2,'2011-07-12',-0.86),(3421,2,'2011-07-13',0.18),(3422,2,'2011-07-14',-0.77),(3423,2,'2011-07-15',0.06),(3424,2,'2011-07-16',0.22),(3425,2,'2011-07-17',0.99),(3426,2,'2011-07-18',0.51),(3427,2,'2011-07-19',-0.25),(3428,2,'2011-07-20',-0.78),(3429,2,'2011-07-21',-0.14),(3430,2,'2011-07-22',-0.98),(3431,2,'2011-07-23',-0.42),(3432,2,'2011-07-24',-0.49),(3433,2,'2011-07-25',0.69),(3434,2,'2011-07-26',1.00),(3435,2,'2011-07-27',-0.42),(3436,2,'2011-07-28',-0.66),(3437,2,'2011-07-29',-0.98),(3438,2,'2011-07-30',0.87),(3439,2,'2011-07-31',-0.43),(3440,2,'2011-08-01',0.26),(3441,2,'2011-08-02',0.94),(3442,2,'2011-08-03',-0.15),(3443,2,'2011-08-04',-0.19),(3444,2,'2011-08-05',0.60),(3445,2,'2011-08-06',0.25),(3446,2,'2011-08-07',-0.11),(3447,2,'2011-08-08',0.70),(3448,2,'2011-08-09',0.40),(3449,2,'2011-08-10',-0.81),(3450,2,'2011-08-11',-0.07),(3451,2,'2011-08-12',0.54),(3452,2,'2011-08-13',0.37),(3453,2,'2011-08-14',0.17),(3454,2,'2011-08-15',-0.41),(3455,2,'2011-08-16',-0.41),(3456,2,'2011-08-17',0.15),(3457,2,'2011-08-18',-0.90),(3458,2,'2011-08-19',0.34),(3459,2,'2011-08-20',0.38),(3460,2,'2011-08-21',-0.03),(3461,2,'2011-08-22',0.37),(3462,2,'2011-08-23',0.96),(3463,2,'2011-08-24',0.48),(3464,2,'2011-08-25',0.06),(3465,2,'2011-08-26',0.96),(3466,2,'2011-08-27',-0.94),(3467,2,'2011-08-28',0.40),(3468,2,'2011-08-29',0.98),(3469,2,'2011-08-30',0.94),(3470,2,'2011-08-31',0.98),(3471,2,'2011-09-01',0.24),(3472,2,'2011-09-02',0.87),(3473,2,'2011-09-03',-0.18),(3474,2,'2011-09-04',-0.96),(3475,2,'2011-09-05',0.47),(3476,2,'2011-09-06',-0.93),(3477,2,'2011-09-07',-0.07),(3478,2,'2011-09-08',0.16),(3479,2,'2011-09-09',0.47),(3480,2,'2011-09-10',0.13),(3481,2,'2011-09-11',-0.91),(3482,2,'2011-09-12',0.01),(3483,2,'2011-09-13',-0.51),(3484,2,'2011-09-14',0.26),(3485,2,'2011-09-15',0.61),(3486,2,'2011-09-16',0.09),(3487,2,'2011-09-17',-0.59),(3488,2,'2011-09-18',0.71),(3489,2,'2011-09-19',-0.57),(3490,2,'2011-09-20',0.79),(3491,2,'2011-09-21',-0.33),(3492,2,'2011-09-22',0.80),(3493,2,'2011-09-23',0.75),(3494,2,'2011-09-24',-0.85),(3495,2,'2011-09-25',-0.15),(3496,2,'2011-09-26',0.70),(3497,2,'2011-09-27',-0.78),(3498,2,'2011-09-28',-0.75),(3499,2,'2011-09-29',0.67),(3500,2,'2011-09-30',-0.85),(3501,2,'2011-10-01',-0.78),(3502,2,'2011-10-02',-0.09),(3503,2,'2011-10-03',-0.98),(3504,2,'2011-10-04',0.05),(3505,2,'2011-10-05',-0.05),(3506,2,'2011-10-06',0.49),(3507,2,'2011-10-07',0.12),(3508,2,'2011-10-08',0.88),(3509,2,'2011-10-09',-0.36),(3510,2,'2011-10-10',-0.41),(3511,2,'2011-10-11',0.00),(3512,2,'2011-10-12',-0.26),(3513,2,'2011-10-13',0.61),(3514,2,'2011-10-14',0.50),(3515,2,'2011-10-15',1.00),(3516,2,'2011-10-16',0.21),(3517,2,'2011-10-17',-0.41),(3518,2,'2011-10-18',-0.60),(3519,2,'2011-10-19',-0.08),(3520,2,'2011-10-20',0.02),(3521,2,'2011-10-21',-0.81),(3522,2,'2011-10-22',0.60),(3523,2,'2011-10-23',-0.18),(3524,2,'2011-10-24',0.94),(3525,2,'2011-10-25',0.75),(3526,2,'2011-10-26',0.67),(3527,2,'2011-10-27',0.63),(3528,2,'2011-10-28',0.97),(3529,2,'2011-10-29',0.93),(3530,2,'2011-10-30',0.30),(3531,2,'2011-10-31',-0.88),(3532,2,'2011-11-01',-0.86),(3533,2,'2011-11-02',-0.79),(3534,2,'2011-11-03',-0.86),(3535,2,'2011-11-04',0.19),(3536,2,'2011-11-05',0.16),(3537,2,'2011-11-06',0.63),(3538,2,'2011-11-07',-0.69),(3539,2,'2011-11-08',0.04),(3540,2,'2011-11-09',-0.73),(3541,2,'2011-11-10',-0.09),(3542,2,'2011-11-11',-0.97),(3543,2,'2011-11-12',0.02),(3544,2,'2011-11-13',-0.49),(3545,2,'2011-11-14',0.54),(3546,2,'2011-11-15',0.01),(3547,2,'2011-11-16',0.72),(3548,2,'2011-11-17',-0.88),(3549,2,'2011-11-18',0.42),(3550,2,'2011-11-19',-0.36),(3551,2,'2011-11-20',0.15),(3552,2,'2011-11-21',0.61),(3553,2,'2011-11-22',-0.77),(3554,2,'2011-11-23',0.97),(3555,2,'2011-11-24',0.55),(3556,2,'2011-11-25',0.98),(3557,2,'2011-11-26',0.64),(3558,2,'2011-11-27',0.18),(3559,2,'2011-11-28',0.95),(3560,2,'2011-11-29',0.56),(3561,2,'2011-11-30',-0.52),(3562,2,'2011-12-01',-0.94),(3563,2,'2011-12-02',0.71),(3564,2,'2011-12-03',-0.31),(3565,2,'2011-12-04',-0.79),(3566,2,'2011-12-05',-0.10),(3567,2,'2011-12-06',0.85),(3568,2,'2011-12-07',0.85),(3569,2,'2011-12-08',0.21),(3570,2,'2011-12-09',-0.11),(3571,2,'2011-12-10',-0.89),(3572,2,'2011-12-11',-0.88),(3573,2,'2011-12-12',-0.08),(3574,2,'2011-12-13',0.13),(3575,2,'2011-12-14',-0.37),(3576,2,'2011-12-15',-0.54),(3577,2,'2011-12-16',-0.86),(3578,2,'2011-12-17',-0.65),(3579,2,'2011-12-18',-0.41),(3580,2,'2011-12-19',0.57),(3581,2,'2011-12-20',-0.01),(3582,2,'2011-12-21',0.74),(3583,2,'2011-12-22',0.18),(3584,2,'2011-12-23',0.22),(3585,2,'2011-12-24',0.70),(3586,2,'2011-12-25',-0.28),(3587,2,'2011-12-26',0.20),(3588,2,'2011-12-27',0.33),(3589,2,'2011-12-28',0.91),(3590,2,'2011-12-29',0.15),(3591,2,'2011-12-30',-0.11),(3592,2,'2011-12-31',-0.62),(3593,2,'2012-01-01',0.22),(3594,2,'2012-01-02',-0.41),(3595,2,'2012-01-03',0.08),(3596,2,'2012-01-04',0.43),(3597,2,'2012-01-05',0.49),(3598,2,'2012-01-06',-0.07),(3599,2,'2012-01-07',0.27),(3600,2,'2012-01-08',-0.30),(3601,2,'2012-01-09',0.82),(3602,2,'2012-01-10',0.39),(3603,2,'2012-01-11',-0.18),(3604,2,'2012-01-12',-0.26),(3605,2,'2012-01-13',-0.48),(3606,2,'2012-01-14',0.46),(3607,2,'2012-01-15',0.20),(3608,2,'2012-01-16',-0.33),(3609,2,'2012-01-17',0.82),(3610,2,'2012-01-18',0.79),(3611,2,'2012-01-19',-0.77),(3612,2,'2012-01-20',-0.20),(3613,2,'2012-01-21',0.53),(3614,2,'2012-01-22',0.41),(3615,2,'2012-01-23',-0.98),(3616,2,'2012-01-24',0.22),(3617,2,'2012-01-25',-0.87),(3618,2,'2012-01-26',0.22),(3619,2,'2012-01-27',-0.45),(3620,2,'2012-01-28',-0.97),(3621,2,'2012-01-29',-0.63),(3622,2,'2012-01-30',0.44),(3623,2,'2012-01-31',-0.58),(3624,2,'2012-02-01',0.59),(3625,2,'2012-02-02',-0.97),(3626,2,'2012-02-03',0.50),(3627,2,'2012-02-04',0.01);
/*!40000 ALTER TABLE `pamm_stat` ENABLE KEYS */;
UNLOCK TABLES;

--
-- Table structure for table `pamm_stat_monthly`
--

DROP TABLE IF EXISTS `pamm_stat_monthly`;
/*!40101 SET @saved_cs_client     = @@character_set_client */;
/*!40101 SET character_set_client = utf8 */;
CREATE TABLE `pamm_stat_monthly` (
  `pamm_stat_monthly_id` int(11) NOT NULL AUTO_INCREMENT,
  `pamm_id` int(11) NOT NULL,
  `date` date NOT NULL,
  `profit` float(6,2) DEFAULT '0.00',
  PRIMARY KEY (`pamm_stat_monthly_id`),
  KEY `ref_pamm_2` (`pamm_id`),
  CONSTRAINT `ref_pamm_2` FOREIGN KEY (`pamm_id`) REFERENCES `pamm` (`pamm_id`)
) ENGINE=InnoDB AUTO_INCREMENT=277 DEFAULT CHARSET=utf8;
/*!40101 SET character_set_client = @saved_cs_client */;

--
-- Dumping data for table `pamm_stat_monthly`
--

LOCK TABLES `pamm_stat_monthly` WRITE;
/*!40000 ALTER TABLE `pamm_stat_monthly` DISABLE KEYS */;
INSERT INTO `pamm_stat_monthly` VALUES (173,3,'2011-01-01',7.45),(174,3,'2011-02-01',2.46),(175,3,'2011-03-01',1.64),(176,3,'2011-04-01',2.25),(177,3,'2011-05-01',1.10),(178,3,'2011-06-01',-4.41),(179,3,'2011-07-01',-2.61),(180,3,'2011-08-01',3.24),(181,3,'2011-09-01',-0.38),(182,3,'2011-10-01',-1.45),(183,3,'2011-11-01',-1.78),(184,3,'2011-12-01',-2.87),(185,3,'2012-01-01',-4.22),(186,4,'2011-01-01',-0.47),(187,4,'2011-02-01',0.12),(188,4,'2011-03-01',8.12),(189,4,'2011-04-01',1.82),(190,4,'2011-05-01',-0.73),(191,4,'2011-06-01',-4.96),(192,4,'2011-07-01',-2.48),(193,4,'2011-08-01',-5.05),(194,4,'2011-09-01',-1.74),(195,4,'2011-10-01',4.37),(196,4,'2011-11-01',0.66),(197,4,'2011-12-01',-0.30),(198,4,'2012-01-01',1.31),(199,5,'2011-01-01',2.95),(200,5,'2011-02-01',3.81),(201,5,'2011-03-01',-1.14),(202,5,'2011-04-01',5.30),(203,5,'2011-05-01',-1.85),(204,5,'2011-06-01',4.54),(205,5,'2011-07-01',-3.14),(206,5,'2011-08-01',4.01),(207,5,'2011-09-01',2.72),(208,5,'2011-10-01',-5.77),(209,5,'2011-11-01',-1.31),(210,5,'2011-12-01',-2.30),(211,5,'2012-01-01',-2.02),(212,7,'2011-01-01',3.52),(213,7,'2011-02-01',2.58),(214,7,'2011-03-01',1.42),(215,7,'2011-04-01',-4.90),(216,7,'2011-05-01',-3.21),(217,7,'2011-06-01',2.28),(218,7,'2011-07-01',-4.81),(219,7,'2011-08-01',2.07),(220,7,'2011-09-01',-0.91),(221,7,'2011-10-01',4.52),(222,7,'2011-11-01',4.51),(223,7,'2011-12-01',-1.95),(224,7,'2012-01-01',3.33),(225,8,'2011-01-01',7.87),(226,8,'2011-02-01',-2.73),(227,8,'2011-03-01',0.68),(228,8,'2011-04-01',-0.61),(229,8,'2011-05-01',4.28),(230,8,'2011-06-01',-2.24),(231,8,'2011-07-01',1.03),(232,8,'2011-08-01',-2.18),(233,8,'2011-09-01',3.06),(234,8,'2011-10-01',1.12),(235,8,'2011-11-01',-2.61),(236,8,'2011-12-01',-3.67),(237,8,'2012-01-01',2.13),(238,9,'2011-01-01',-5.30),(239,9,'2011-02-01',-6.33),(240,9,'2011-03-01',1.93),(241,9,'2011-04-01',-0.64),(242,9,'2011-05-01',-0.09),(243,9,'2011-06-01',-4.16),(244,9,'2011-07-01',-2.04),(245,9,'2011-08-01',-1.02),(246,9,'2011-09-01',1.94),(247,9,'2011-10-01',1.71),(248,9,'2011-11-01',4.70),(249,9,'2011-12-01',2.05),(250,9,'2012-01-01',-5.40),(251,1,'2011-01-01',-0.28),(252,1,'2011-02-01',2.23),(253,1,'2011-03-01',-0.70),(254,1,'2011-04-01',3.41),(255,1,'2011-05-01',4.27),(256,1,'2011-06-01',2.98),(257,1,'2011-07-01',-1.69),(258,1,'2011-08-01',-3.36),(259,1,'2011-09-01',1.78),(260,1,'2011-10-01',-4.38),(261,1,'2011-11-01',3.97),(262,1,'2011-12-01',2.55),(263,1,'2012-01-01',2.24),(264,2,'2011-01-01',-1.38),(265,2,'2011-02-01',-2.06),(266,2,'2011-03-01',6.02),(267,2,'2011-04-01',1.24),(268,2,'2011-05-01',-4.27),(269,2,'2011-06-01',-4.29),(270,2,'2011-07-01',-5.60),(271,2,'2011-08-01',7.21),(272,2,'2011-09-01',-0.70),(273,2,'2011-10-01',3.78),(274,2,'2011-11-01',0.31),(275,2,'2011-12-01',-1.20),(276,2,'2012-01-01',-0.69);
/*!40000 ALTER TABLE `pamm_stat_monthly` ENABLE KEYS */;
UNLOCK TABLES;
/*!40103 SET TIME_ZONE=@OLD_TIME_ZONE */;

/*!40101 SET SQL_MODE=@OLD_SQL_MODE */;
/*!40014 SET FOREIGN_KEY_CHECKS=@OLD_FOREIGN_KEY_CHECKS */;
/*!40014 SET UNIQUE_CHECKS=@OLD_UNIQUE_CHECKS */;
/*!40101 SET CHARACTER_SET_CLIENT=@OLD_CHARACTER_SET_CLIENT */;
/*!40101 SET CHARACTER_SET_RESULTS=@OLD_CHARACTER_SET_RESULTS */;
/*!40101 SET COLLATION_CONNECTION=@OLD_COLLATION_CONNECTION */;
/*!40111 SET SQL_NOTES=@OLD_SQL_NOTES */;

-- Dump completed on 2014-04-30  0:33:29
